tweet_id,date,time,username,link,tweet,replies,retweets,likes,hashtags,polarity
1439788617589612545,2021-09-20,11:08:51,TMReserve,https://twitter.com/TMReserve/status/1439788617589612545,"#DHL announces 4.9 percent #price hike effective 2022  https://t.co/KlD0UOLHru  #TMRNews DHL,price,TMRNews",0,0,0,"['TMRNews', 'price', 'DHL']",1
1439832285268770819,2021-09-20,14:02:22,UtkSrvstv,https://twitter.com/UtkSrvstv/status/1439832285268770819,"@DHLExpressIndia 1. Saurabh Tiwari 2. Trent Boult  3. Jasprit Bumrah  #DHLMatchKeStars #DHL #MumbaiIndians #Contest @DHLExpressIndia   Join @rekha__k @Subho_Live @ChinmayK15 DHLMatchKeStars,DHL,MumbaiIndians,Contest",0,0,0,"['MumbaiIndians', 'Contest', 'DHL', 'DHLMatchKeStars']",1
1439834806796312578,2021-09-20,14:12:23,DHLBreuer,https://twitter.com/DHLBreuer/status/1439834806796312578,"We’ve delivered 1 billion vaccine doses – to combat the pandemic, 1 dose at a time. We’re proud to provide global logistics that helps to protect people from COVID-19 in over 160 countries across the globe.  #DHL #DHLExpress #WeCare  https://t.co/WZrwhjUYVn DHL,DHLExpress,WeCare",0,0,0,"['WeCare', 'DHLExpress', 'DHL']",1
1439863322501738499,2021-09-20,16:05:42,ABIndiaTools1,https://twitter.com/ABIndiaTools1/status/1439863322501738499,"#DHLExpress  #DHL DHLExpress,DHL",0,0,0,"['DHLExpress', 'DHL']",1
1439861894869749760,2021-09-20,16:00:01,DeutschePostDHL,https://twitter.com/DeutschePostDHL/status/1439861894869749760,"For @007’s NO TIME TO DIE, DHL made its heaviest delivery yet. But which city was it to? The answer will be delivered soon… #NoTimeToDie in cinemas September 30 #JamesBond #DHL  https://t.co/b2dDRJxTzz NoTimeToDie,JamesBond,DHL",1,1,5,"['DHL', 'JamesBond', 'NoTimeToDie']",1
1439861463225675776,2021-09-20,15:58:18,DHLGlobal,https://twitter.com/DHLGlobal/status/1439861463225675776,"For @007’s NO TIME TO DIE we made our heaviest delivery yet. But which city was it to? The answer will be delivered soon…  https://t.co/qw03VHnSbI #NoTimeToDie in cinemas September 30 #JamesBond #DHL  https://t.co/1juBsSnR5k NoTimeToDie,JamesBond,DHL",0,1,8,"['DHL', 'JamesBond', 'NoTimeToDie']",1
1439858120315047941,2021-09-20,15:45:01,ScuttleBoxGH,https://twitter.com/ScuttleBoxGH/status/1439858120315047941,"How cool is this!!! @AfroBaskets   #deliverybox #delivery #scuttle #scuttlebox #mailboxghana #ghanapost #jumia #dhl #fashion #amazon #ghana #ghanabeyondthereturn #deliverygh #ghanafood #ghanabusiness #accra #packages #mail #parcels #order #online #ghanacelebrities #ghananews  https://t.co/2GomgM9akf deliverybox,delivery,scuttle,scuttlebox,mailboxghana,ghanapost,jumia,dhl,fashion,amazon,ghana,ghanabeyondthereturn,deliverygh,ghanafood,ghanabusiness,accra,packages,mail,parcels,order,",0,0,0,"['delivery', 'ghanabeyondthereturn', 'jumia', 'accra', 'ghana', 'deliverygh', 'mail', 'parcels', 'fashion', 'scuttle', 'ghanafood', 'dhl', 'order', 'amazon', 'mailboxghana', 'ghanacelebrities', 'ghanapost', 'deliverybox', 'packages', 'scuttlebox', 'ghananews', 'ghanabusiness', 'online']",1
1439853244201701380,2021-09-20,15:25:39,DavidKSwissLog,https://twitter.com/DavidKSwissLog/status/1439853244201701380,@brickset almost looks like a #DHL one DHL,0,0,0,['DHL'],1
1439876990056681477,2021-09-20,17:00:00,DHLAfrica,https://twitter.com/DHLAfrica/status/1439876990056681477,"For @007’s NO TIME TO DIE we made our heaviest delivery yet. But which city was it to? The answer will be delivered soon... #NoTimeToDie in cinemas September 30 #JamesBond #DHL  https://t.co/244tqB0y7G NoTimeToDie,JamesBond,DHL",0,2,7,"['DHL', 'JamesBond', 'NoTimeToDie']",1
1439873110728220675,2021-09-20,16:44:35,FBussoletti,https://twitter.com/FBussoletti/status/1439873110728220675,"#cybercrime, new #Remcos aggressive campaign via #DHL. Three different emails in one day with the same xls attachment: the #Malware itself. The file, if opened, activates the infection chain. #CyberSecurity #infosec @JAMESWT_MHT   https://t.co/NoG3bxt4iH cybercrime,Remcos,DHL,Malware,CyberSecurity,infosec",1,5,2,"['Malware', 'CyberSecurity', 'cybercrime', 'DHL', 'Remcos', 'infosec']",0
1439869390577614849,2021-09-20,16:29:48,thedevontrucker,https://twitter.com/thedevontrucker/status/1439869390577614849,"Starting the day with an #energyshot and #bigflapjack 💪🏻 from the Muscle Moose range!  Check out the range at @MuscleMooseHQ    #HGV #Trucking #Beer #Wine #Spirits #Cider #Ale #Softdrinks #DHL #Tradeteam #Distribution #Devon #UK  https://t.co/eMdZ2ObDp9 energyshot,bigflapjack,HGV,Trucking,Beer,Wine,Spirits,Cider,Ale,Softdrinks,DHL,Tradeteam,Distribution,Devon,UK",0,2,5,"['Softdrinks', 'Distribution', 'UK', 'HGV', 'Wine', 'DHL', 'Trucking', 'Ale', 'bigflapjack', 'Tradeteam', 'energyshot', 'Beer', 'Devon', 'Cider', 'Spirits']",1
1439888591874891780,2021-09-20,17:46:06,ScuttleBoxGH,https://twitter.com/ScuttleBoxGH/status/1439888591874891780,"A house without a Scuttle Box is just like a saucepan without the lid🤔 contact our team on 020 484 3685 to have your new Scuttle Box to complete your house ☺ #deliverybox #delivery #scuttlebox #mailboxghana #ghanapost #jumia #dhl #amazon #ghana #ghanafood #ghanabusiness #accra  https://t.co/1y2Gdh4xXr deliverybox,delivery,scuttlebox,mailboxghana,ghanapost,jumia,dhl,amazon,ghana,ghanafood,ghanabusiness,accra",1,0,0,"['dhl', 'accra', 'amazon', 'scuttlebox', 'mailboxghana', 'delivery', 'ghana', 'jumia', 'ghanapost', 'deliverybox', 'ghanafood', 'ghanabusiness']",1
1439885398830985220,2021-09-20,17:33:25,MarkusReckling,https://twitter.com/MarkusReckling/status/1439885398830985220,"#JamesBond delivered by #DHL #NoTimeToDie  https://t.co/1cP7IQTGPI JamesBond,DHL,NoTimeToDie",0,0,2,"['JamesBond', 'NoTimeToDie', 'DHL']",1
1439881101841874947,2021-09-20,17:16:21,Shweta20100,https://twitter.com/Shweta20100/status/1439881101841874947,"@DHLExpressIndia @Abhishe70477787 1. Suryakumar Yadav 2. Hardik Pandya 3. Jasprit Bumrah  #DHLMatchKeStars #DHL #MumbaiIndians #Contest @DHLExpressIndia  Join in frnz @Bhavesh38612429  @Harsh78847394  @YashVai03966984 @rajdamania44  @vrushil9  @KSiddhansh DHLMatchKeStars,DHL,MumbaiIndians,Contest",0,0,0,"['MumbaiIndians', 'Contest', 'DHL', 'DHLMatchKeStars']",1
1439919698997612552,2021-09-20,19:49:43,DHLexpress,https://twitter.com/DHLexpress/status/1439919698997612552,"For @007’s NO TIME TO DIE we made our heaviest delivery yet. But which city was it to? The answer will be delivered soon... #NoTimeToDie in cinemas September 30 #JamesBond #DHL  https://t.co/liBm4n5XVq NoTimeToDie,JamesBond,DHL",1,0,0,"['DHL', 'JamesBond', 'NoTimeToDie']",1
1439905599722905601,2021-09-20,18:53:41,Seemajain515,https://twitter.com/Seemajain515/status/1439905599722905601,"@DHLExpressIndia Answer:- (1) Jasprit bumrah (2) Rahul Chahar (3) Quinton de Kock  #DHLMatchKeStars  #DHL #MumbaiIndians #Contest  @DHLExpressIndia @Darshika_Jain06  @isha95jain  @rachita123jain DHLMatchKeStars,DHL,MumbaiIndians,Contest",0,0,0,"['MumbaiIndians', 'Contest', 'DHL', 'DHLMatchKeStars']",1
1439920504836657154,2021-09-20,19:52:55,tosinsammy_s,https://twitter.com/tosinsammy_s/status/1439920504836657154,"#EKITIUPDATE  #DHL NOW OPEN IN #IKERE_EKITI at Eyeshorun Funmilola Alagbado Shopping Complex, Ise Junction Ikere Ekiti . If you need to send an international document or parcel? @DHLexpress Express is now conveniently located near you! 🤗🤗🤗.  For more info call 07041840350  https://t.co/HENcVLr76i EKITIUPDATE,DHL,IKERE_EKITI",0,1,1,"['EKITIUPDATE', 'IKEREEKITI', 'DHL']",1
1439914870598770688,2021-09-20,19:30:32,DHLAmericas,https://twitter.com/DHLAmericas/status/1439914870598770688,"Our #DHL Made in the Americas #podcast features execs from the region to share insights on topics like employee engagement and customer centricity. In this ep, #DPDHL Board Member Ken Allen speaks on leading during crises.  https://t.co/mG9fZQrBlG  https://t.co/3JWI4SBRe2 DHL,podcast,DPDHL",0,0,0,"['DPDHL', 'podcast', 'DHL']",1
1439937434482003971,2021-09-20,21:00:11,DHLExpressPK,https://twitter.com/DHLExpressPK/status/1439937434482003971,"Want to go behind the scenes of the new @007 film NO TIME TO DIE and go back to where it all began? Coming soon. #NoTimeToDie in cinemas September 30 #JamesBond #DHL  https://t.co/LlW1qbjDRs NoTimeToDie,JamesBond,DHL",0,0,0,"['DHL', 'JamesBond', 'NoTimeToDie']",1
1439935420029145090,2021-09-20,20:52:11,DHLexpress,https://twitter.com/DHLexpress/status/1439935420029145090,"For @007’s NO TIME TO DIE we made our heaviest delivery yet. But which city was it to? The answer will be delivered soon... #NoTimeToDie in cinemas September 30 #JamesBond #DHL  https://t.co/liBm4n5XVq  https://t.co/UJDh2utpwz NoTimeToDie,JamesBond,DHL",0,1,1,"['DHL', 'JamesBond', 'NoTimeToDie']",1
1439965014757085188,2021-09-20,22:49:47,thecovidsite,https://twitter.com/thecovidsite/status/1439965014757085188,"DHL vaccine delivery reaches more than 1 billion doses to more than 160 countries since the global roll-out commenced in December 2020 @DHLGlobal #DHL #shipments #cargo #vaccination #vaccines #aviation #CovidVaccine #COVID19  (@JPJets_Group)  https://t.co/fPIFgxBKQN DHL,shipments,cargo,vaccination,vaccines,aviation,CovidVaccine,COVID19",0,0,1,"['aviation', 'vaccination', 'DHL', 'COVID19', 'vaccines', 'shipments', 'cargo', 'CovidVaccine']",1
1439960955677466624,2021-09-20,22:33:39,DhlOman,https://twitter.com/DhlOman/status/1439960955677466624,"For @007’s NO TIME TO DIE we made our heaviest delivery yet. But which city was it to? The answer will be delivered soon... #NoTimeToDie in cinemas September 30 #JamesBond #DHL  https://t.co/hiv3Obq1Wd NoTimeToDie,JamesBond,DHL",0,0,0,"['DHL', 'JamesBond', 'NoTimeToDie']",1
1439984160446328833,2021-09-21,00:05:52,JuandreKruger5,https://twitter.com/JuandreKruger5/status/1439984160446328833,"@DHLAfrica your services are very disappointing, even at management level. Not sure why you spend so much money on marketing if you can’t even deliver on decent client services! #dhl dhl",0,0,0,['dhl'],0
1439982949307461638,2021-09-21,00:01:03,mypenplease,https://twitter.com/mypenplease/status/1439982949307461638,"We just released a exposing the Bureau of Customs Philippines #DHL SCAM  https://t.co/CzmKUQ0HmQ #DHLexpress @CustomsPH DHL,DHLexpress",0,0,0,"['DHLexpress', 'DHL']",1
1439982881154215939,2021-09-21,00:00:47,iShipnPack,https://twitter.com/iShipnPack/status/1439982881154215939,"We have them! Stop-in to stock-up! • #ishipnpack #smallbusiness #pittsburgh #squirrelhill #dhl #fedex #ups #usps  https://t.co/y72FY1XAfP ishipnpack,smallbusiness,pittsburgh,squirrelhill,dhl,fedex,ups,usps",0,0,0,"['dhl', 'squirrelhill', 'ups', 'ishipnpack', 'pittsburgh', 'fedex', 'smallbusiness', 'usps']",1
1439982879463837697,2021-09-21,00:00:46,mypenplease,https://twitter.com/mypenplease/status/1439982879463837697,"You definitely don't want to ship any #Apple products to the #Philippines via #DHL it will be stolen   https://t.co/CzmKUQ0HmQ @DHLexpress @CustomsPH @DHLUS @DHLsupplychain @DHLcustomerserv @GregHewittDHL Apple,Philippines,DHL",0,0,0,"['Apple', 'Philippines', 'DHL']",1
1439978599432474630,2021-09-20,23:43:46,Haangladius,https://twitter.com/Haangladius/status/1439978599432474630,Lol @DHLAmericas con #DHL LATAM eShop. Email  //  Cuando vas a comprar  🤣 🤡  https://t.co/aWAXpylLyx DHL,0,0,0,['DHL'],1
1439974452738015236,2021-09-20,23:27:17,DHLExpressIndia,https://twitter.com/DHLExpressIndia/status/1439974452738015236,"For @007’s NO TIME TO DIE we made our heaviest delivery yet. But which city was it to? The answer will be delivered soon... #NoTimeToDie in cinemas September 30 #JamesBond #DHL  https://t.co/HeOLkPCiF9  https://t.co/5J6WwbzD4X NoTimeToDie,JamesBond,DHL",0,1,1,"['DHL', 'JamesBond', 'NoTimeToDie']",1
1440132662119878661,2021-09-21,09:55:57,OtherJayGeller,https://twitter.com/OtherJayGeller/status/1440132662119878661,"@DHLexpress  It’s nearly 10 p.m.,and my package still hasn’t arrived. Does “by End of Day” literally mean by midnight?  My package left Middleburg Heights nearly 12 hours ago. Middleburg Hts isn’t that far from me. I could walk there and back in 12 hours.  #CustomerService #DHL  https://t.co/dnksPkT7tu CustomerService,DHL",0,0,0,"['CustomerService', 'DHL']",0
1440130257831399429,2021-09-21,09:46:24,drukanddrukpa,https://twitter.com/drukanddrukpa/status/1440130257831399429,"Thank you DHL for make it on time for the Blessed Rainy Day. #DHL #dhlbhutan #drukair  https://t.co/ag4pFf4NqA DHL,dhlbhutan,drukair",0,0,1,"['drukair', 'dhlbhutan', 'DHL']",1
1440156637256323074,2021-09-21,11:31:13,Biggi22577499,https://twitter.com/Biggi22577499/status/1440156637256323074,#DHL so : Ablageort  Keller!  Hab den ganzen Keller....  https://t.co/oUPOhSUuB5 DHL,0,0,0,['DHL'],1
1440155087016325121,2021-09-21,11:25:04,kyllimarie,https://twitter.com/kyllimarie/status/1440155087016325121,"Why is DHL tracking always so complicated I just wanna know where my package is 😰 #shein #DHL shein,DHL",0,0,0,"['shein', 'DHL']",1
1440179098215608327,2021-09-21,13:00:28,DHLExpressIndia,https://twitter.com/DHLExpressIndia/status/1440179098215608327,"Want to interact with your favourite @mipaltan stars?  Well #TheTeamBehindTheTeam has got your back. Stay tuned to find out more.  #DHL #TheTeamBehindTheTeam #MumbaiIndians #MI #ComingSoon #BeyondBoundaries  https://t.co/ZuUaQBSGWe TheTeamBehindTheTeam,DHL,TheTeamBehindTheTeam,MumbaiIndians,MI,ComingSoon,BeyondBoundaries",2,1,0,"['TheTeamBehindTheTeam', 'MI', 'BeyondBoundaries', 'DHL', 'ComingSoon', 'MumbaiIndians']",1
1440172070688546816,2021-09-21,12:32:33,DHLExpressIndia,https://twitter.com/DHLExpressIndia/status/1440172070688546816,"A great effort indeed by Saurabh Tiwary and our kiwi boys [ Boult &amp; Milne] who made sure that this wasn't a one-sided affair. #DHL #TheTeamBehindTheTeam #DHLMatchKeStars #TopPerformers #SaurabhTiwary #AdamMilne #TrentBoult  https://t.co/GpruxCqilD DHL,TheTeamBehindTheTeam,DHLMatchKeStars,TopPerformers,SaurabhTiwary,AdamMilne,TrentBoult",0,1,0,"['TheTeamBehindTheTeam', 'TopPerformers', 'DHL', 'SaurabhTiwary', 'DHLMatchKeStars', 'TrentBoult', 'AdamMilne']",1
1440170786656903175,2021-09-21,12:27:27,centralspotter,https://twitter.com/centralspotter/status/1440170786656903175,"👀✈️🔊G-BMRA  #Unknown  #DHL Air UK  #Boeing 757 236SF  Alt 25700ft  #400663    #CentralSpotter #Scotland #adsb #ScotRadar Unknown,DHL,Boeing,CentralSpotter,Scotland,adsb,ScotRadar",0,0,0,"['400663', 'Unknown', 'adsb', 'DHL', 'ScotRadar', 'Boeing', 'CentralSpotter', 'Scotland']",1
1440185601240670210,2021-09-21,13:26:19,thedevontrucker,https://twitter.com/thedevontrucker/status/1440185601240670210,"The one thing about starting early is a nice crisp fresh morning 🌖🍂   #HGV #Trucking #Beer #Wine #Spirits #Cider #Ale #Softdrinks #DHL #Tradeteam #Distribution #Devon #UK  https://t.co/ghOxxFHkMp HGV,Trucking,Beer,Wine,Spirits,Cider,Ale,Softdrinks,DHL,Tradeteam,Distribution,Devon,UK",0,2,8,"['Softdrinks', 'Distribution', 'UK', 'Wine', 'HGV', 'DHL', 'Trucking', 'Ale', 'Tradeteam', 'Beer', 'Devon', 'Cider', 'Spirits']",1
1440205797623955458,2021-09-21,14:46:34,Gaurang321,https://twitter.com/Gaurang321/status/1440205797623955458,"@DHLExpressIndia @mipaltan Alright ! Alright !!   Glued To Your TL Team 🤩❤️  #DHL #TheTeamBehindTheTeam #MumbaiIndians #MI #ComingSoon #BeyondBoundaries  https://t.co/pi2sR1E7qo DHL,TheTeamBehindTheTeam,MumbaiIndians,MI,ComingSoon,BeyondBoundaries",0,0,1,"['TheTeamBehindTheTeam', 'MI', 'BeyondBoundaries', 'DHL', 'ComingSoon', 'MumbaiIndians']",1
1440225878877761536,2021-09-21,16:06:22,bhandari_raunak,https://twitter.com/bhandari_raunak/status/1440225878877761536,"@help_delhivery Yaass did you got any update !?? We are waiting ??   @DTDCIndia #buledart #dhl you guys are much better than this fake company ☘️✨ keep growing more buledart,dhl",0,0,0,"['dhl', 'buledart']",1
1440224284731916288,2021-09-21,16:00:02,DeutschePostDHL,https://twitter.com/DeutschePostDHL/status/1440224284731916288,"Today's Trivia: In total, DHL transported 11,039kg of costumes around the world for the 25th James Bond film, including the iconic bikini which featured in DR. NO, to the GoldenEyevilla in Jamaica for #NoTimeToDie's start of production announcement. #JamesBond #DHL  https://t.co/1PTAWFtlLh NoTimeToDie,JamesBond,DHL",0,0,3,"['NoTimeToDies', 'JamesBond', 'DHL']",1
1440223809252970513,2021-09-21,15:58:08,DHLGlobal,https://twitter.com/DHLGlobal/status/1440223809252970513,"In total, DHL transported 11,039kg of costumes around the world for the 25th James Bond film. We also helped deliver the iconic bikini which featured in DR. NO to the GoldenEye villa in Jamaica for #NoTimeToDie's start of production announcement. #DHL  https://t.co/ziyqUKy6f5  https://t.co/vC28phEBnN NoTimeToDie,DHL",0,2,7,"['NoTimeToDies', 'DHL']",1
1440217451799535626,2021-09-21,15:32:53,DeutschePostDHL,https://twitter.com/DeutschePostDHL/status/1440217451799535626,"Happy #ZeroEmissionsDay! We're investing €7 billion in climate-neutral logistics by 2030 to reduce emissions across #DeutschePost #DHL Group. Learn more:  https://t.co/MJRzyKukLf  #SustainableLogistics #DHLGoGreen #ZeroEmissions  https://t.co/CGaYTNwEdx ZeroEmissionsDay,DeutschePost,DHL,SustainableLogistics,DHLGoGreen,ZeroEmissions",0,2,4,"['ZeroEmissions', 'ZeroEmissionsDay', 'DeutschePost', 'DHL', 'SustainableLogistics', 'DHLGoGreen']",1
1440240419732819971,2021-09-21,17:04:09,dhl_forwarding,https://twitter.com/dhl_forwarding/status/1440240419732819971,"Happy #ZeroEmissionsDay! We're investing €7 billion in climate-neutral logistics by 2030 to reduce emissions across #DeutschePost #DHL Group. Learn more:  https://t.co/N4qMRH9lbR   #DHL #DHLGlobalForwarding #Logistics #Transportation #SustainableLogistics  #ZeroEmissions  https://t.co/elngdxfz34 ZeroEmissionsDay,DeutschePost,DHL,DHL,DHLGlobalForwarding,Logistics,Transportation,SustainableLogistics,ZeroEmissions",0,0,0,"['DHLGlobalForwarding', 'ZeroEmissions', 'ZeroEmissionsDay', 'DeutschePost', 'Logistics', 'DHL', 'SustainableLogistics', 'Transportation']",1
1440239383240581120,2021-09-21,17:00:01,DHLAfrica,https://twitter.com/DHLAfrica/status/1440239383240581120,"Today's Trivia: In total, DHL transported 11,039kg of costumes around the world for the 25th James Bond film, including the iconic bikini which featured in DR. NO, to the GoldenEyevilla in Jamaica for #NoTimeToDie's start of production announcement. #JamesBond #DHL  https://t.co/FHarNOwGz0 NoTimeToDie,JamesBond,DHL",0,0,5,"['NoTimeToDies', 'JamesBond', 'DHL']",1
1440238775657922568,2021-09-21,16:57:37,anotherdeep,https://twitter.com/anotherdeep/status/1440238775657922568,"#NoTimeToDie  #DHL @007 ad: Bond with the best!   https://t.co/YnaBxmdPGn  @DHLGlobal @DHLUS @DHLExpressIndia @TheHinduCinema @filmfare NoTimeToDie,DHL",0,0,0,"['DHL', 'NoTimeToDie']",1
1440228695667396608,2021-09-21,16:17:33,joseppel20,https://twitter.com/joseppel20/status/1440228695667396608,@PlayStationDE #DHL Simulator DHL,0,0,1,['DHL'],1
1440255013637423119,2021-09-21,18:02:08,DHLExpressPK,https://twitter.com/DHLExpressPK/status/1440255013637423119,"We’ve delivered 1 billion vaccine doses – to combat the pandemic, 1 dose at a time. We’re proud to provide global logistics that helps to protect people from COVID-19 in over 160 countries across the globe.  https://t.co/9jXkrVVhRu #DHL #WeCare  https://t.co/7m4q0aRd9U DHL,WeCare",0,0,0,"['WeCare', 'DHL']",1
1440271637119574021,2021-09-21,19:08:11,LogistikExpres1,https://twitter.com/LogistikExpres1/status/1440271637119574021,"Locus Robotics, the AMR specialist for fulfilment warehouses, has announced that it has acquired Waypoint Robotics.  The acquisition broadens the Locus product line of proven and powerful AMR solutions that address use cases from e-commerce,  #CEO #DHL   https://t.co/qj4vrsuPJ8 CEO,DHL",0,0,0,"['CEO', 'DHL']",1
1440284324624932870,2021-09-21,19:58:36,QuelLtd,https://twitter.com/QuelLtd/status/1440284324624932870,"Compliance Q&amp;A with HR To know more log on to  https://t.co/TFYMijdyse Write to us at info@cquel.com #LarsenandToubro #MCSIndia #pidilite #dhl #OCSGroupIndia #unilever #abpnews #iifl #mscinda #reliance #clariant #asianpaints #starbucks #flipkart #Walmart #amazon #swiggy #wipro  https://t.co/TrLzUmio9o LarsenandToubro,MCSIndia,pidilite,dhl,OCSGroupIndia,unilever,abpnews,iifl,mscinda,reliance,clariant,asianpaints,starbucks,flipkart,Walmart,amazon,swiggy,wipro",0,0,0,"['pidilite', 'dhl', 'unilever', 'OCSGroupIndia', 'asianpaints', 'MCSIndia', 'amazon', 'abpnews', 'LarsenandToubro', 'mscinda', 'clariant', 'starbucks', 'wipro', 'swiggy', 'reliance', 'Walmart', 'iifl', 'flipkart']",1
1440282216580345856,2021-09-21,19:50:14,DHLBreuer,https://twitter.com/DHLBreuer/status/1440282216580345856,"'What's #reliable, low-maintenance, operationally #economical? Alice - a new #electricplane that will soon be taking to the skies with #DHL packages on board.  https://t.co/YN6AbL9WK7 reliable,economical,electricplane,DHL",0,0,0,"['reliable', 'economical', 'electricplane', 'DHL']",1
1440280101623517207,2021-09-21,19:41:49,HAEGroup,https://twitter.com/HAEGroup/status/1440280101623517207,"DHL AVIATION - Ex UK &amp; IRE  Freighter space available into 𝗛𝗢𝗡𝗚 𝗞𝗢𝗡𝗚 (𝗛𝗞𝗚) and beyond! 🇭🇰 Call now for rates &amp; schedules!  #AirFreight | #AirCargo | #GSSA | #DHL | #HongKong  https://t.co/XXWgo4Jm1r AirFreight,AirCargo,GSSA,DHL,HongKong",0,0,1,"['GSSA', 'AirFreight', 'DHL', 'HongKong', 'AirCargo']",1
1440297455766048774,2021-09-21,20:50:47,DHLExpressJO,https://twitter.com/DHLExpressJO/status/1440297455766048774,"For @007’s NO TIME TO DIE we made our heaviest delivery yet. But which city was it to? The answer will be delivered soon...   #NoTimeToDie in cinemas September 30 #JamesBond #DHL  https://t.co/FnWy9ysVBj NoTimeToDie,JamesBond,DHL",0,0,0,"['DHL', 'JamesBond', 'NoTimeToDie']",1
1440318712867741708,2021-09-21,22:15:15,Allphonenumber,https://twitter.com/Allphonenumber/status/1440318712867741708,"The Complete Information of DHL Customer Service  https://t.co/YsrMTUHkL7 #dhl #ARMYvaccinatedtoo dhl,ARMYvaccinatedtoo",0,0,0,"['dhl', 'ARMYvaccinatedtoo']",1
1440316759605596177,2021-09-21,22:07:29,biztoday_intl,https://twitter.com/biztoday_intl/status/1440316759605596177,"#DHL #vaccine #COVID19 #health #virus #vaccination #cargo #aviation #aircargo #covidvacccination @DHl @TRACCs #Germany    https://t.co/xOiFdQx7qf DHL,vaccine,COVID19,health,virus,vaccination,cargo,aviation,aircargo,covidvacccination,Germany",0,0,0,"['Germany', 'virus', 'aircargo', 'aviation', 'vaccine', 'vaccination', 'DHL', 'COVID19', 'covidvacccination', 'health', 'cargo']",1
1440315022119354381,2021-09-21,22:00:35,BAMACTORS,https://twitter.com/BAMACTORS/status/1440315022119354381,"Keep up with the clicks!  Catch our Sonali Singh in this #DHL campaign!   https://t.co/qlEdPhz2oT  #BAM #BAMActors #BAMFamily  https://t.co/p8vsjM0pA8 DHL,BAM,BAMActors,BAMFamily",0,0,3,"['BAM', 'BAMFamily', 'BAMActors', 'DHL']",1
1440311495351439372,2021-09-21,21:46:34,enigmailed,https://twitter.com/enigmailed/status/1440311495351439372,"If you have ever been ditched by #DHL or #Hermes has held your package Hostage, you’ll love this!  ‘Undeliverable’ remains our most popular postal game, and you can choose to receive the cards weekly or altogether (Thanks Matt for the pic!)  https://t.co/dVpWQhjuDT DHL,Hermes",0,0,2,"['Hermes', 'DHL']",1
1440305259142807562,2021-09-21,21:21:48,DHLExpressFI,https://twitter.com/DHLExpressFI/status/1440305259142807562,"For @007’s NO TIME TO DIE we made our heaviest delivery yet. But which city was it to? The answer will be delivered soon... #NoTimeToDie in cinemas September 30 #JamesBond #DHL  https://t.co/e9YVh8rjlz  https://t.co/JqkMGIm16I  https://t.co/hETRqw8SEO NoTimeToDie,JamesBond,DHL",0,0,0,"['DHL', 'JamesBond', 'NoTimeToDie']",1
1440330196121370642,2021-09-21,23:00:53,iShipnPack,https://twitter.com/iShipnPack/status/1440330196121370642,"Grabbing lunch in #SquirrelHill today? Visit us and take care of your shipping and postage needs too! • #ishipnpack #smallbusiness #pittsburgh #dhl #fedex #ups #usps  https://t.co/FOLpZTDLta SquirrelHill,ishipnpack,smallbusiness,pittsburgh,dhl,fedex,ups,usps",0,0,0,"['dhl', 'SquirrelHill', 'ups', 'ishipnpack', 'pittsburgh', 'fedex', 'smallbusiness', 'usps']",1
1440348760970645510,2021-09-22,00:14:39,Nitish_nix,https://twitter.com/Nitish_nix/status/1440348760970645510,"@DHLExpressIndia Answers are:-  1) Rohit Sharma 2) Quinton de kock  3) Rahul Chahar @DHLExpressIndia  #DHLMatchKeStars #DHL #MumbaiIndians #Contest DHLMatchKeStars,DHL,MumbaiIndians,Contest",0,0,0,"['MumbaiIndians', 'Contest', 'DHL', 'DHLMatchKeStars']",1
1440345116955140109,2021-09-22,00:00:10,DHLUS,https://twitter.com/DHLUS/status/1440345116955140109,"Today's Trivia: In total, DHL transported 11,039kg of costumes around the world for the 25th James Bond film, including the iconic bikini which featured in DR. NO, to the Golden Eye villa in Jamaica for #NoTimeToDie's start of production announcement. #JamesBond #DHL  https://t.co/LgW45tWwy1 NoTimeToDie,JamesBond,DHL",1,1,4,"['NoTimeToDies', 'JamesBond', 'DHL']",1
1440342279584026640,2021-09-21,23:48:54,McMoxy,https://twitter.com/McMoxy/status/1440342279584026640,"@IPSY @IPSYCare 7 years later, and #DHL still sucks. Love your service, Ipsy, hate your shipping. DHL",0,0,0,['DHL'],1
1440341560017625094,2021-09-21,23:46:02,WckdWtchofdaWC,https://twitter.com/WckdWtchofdaWC/status/1440341560017625094,"@UPS what can Brown do for me??? Well let’s see… they’ve lost my birthday present, have a whole system but no one can tell me where it is, and it doesn’t appear that anyone is looking…they can’t do anything for me 😒 #fedex #dhl #usps fedex,dhl,usps",0,0,0,"['dhl', 'fedex', 'usps']",0
1440511477870329860,2021-09-22,11:01:14,DhlExpressMY,https://twitter.com/DhlExpressMY/status/1440511477870329860,"Today we roll 🛵 like a boss. 📷 @officer_redrabbit 🗺️📍 #Berlin #Germany 🇩🇪  #DHL #AroundTheWorld #DHLworldwideshipping #Delivery #ExcellenceSimplyDelivered #motorcycle #motorbike #bikelife #streetbike #malaysia #DHLExpress  https://t.co/GzkefRMA8F Berlin,Germany,DHL,AroundTheWorld,DHLworldwideshipping,Delivery,ExcellenceSimplyDelivered,motorcycle,motorbike,bikelife,streetbike,malaysia,DHLExpress",0,0,0,"['ExcellenceSimplyDelivered', 'Germany', 'malaysia', 'bikelife', 'DHLworldwideshipping', 'AroundTheWorld', 'DHL', 'motorcycle', 'streetbike', 'DHLExpress', 'Berlin', 'Delivery', 'motorbike']",1
1440506967198367751,2021-09-22,10:43:18,DhlExpressMY,https://twitter.com/DhlExpressMY/status/1440506967198367751,"Since Casino Royale (2006), DHL have been responsible for the📦 transport and logistics solutions related to the shooting ​and production of the @007 films.   #DHL #DHLExpress #NoTimeToDie #jamesbond #jamesbond007 #transport #logistics #delivery #Movies #Malaysia #BTS  https://t.co/MYlWCyjAx8 DHL,DHLExpress,NoTimeToDie,jamesbond,jamesbond007,transport,logistics,delivery,Movies,Malaysia,BTS",1,0,1,"['logistics', 'Malaysia', 'delivery', 'jamesbond007', 'NoTimeToDie', 'DHL', 'jamesbond', 'DHLExpress', 'BTS', 'Movies', 'transport']",1
1440506681712996353,2021-09-22,10:42:10,DhlExpressMY,https://twitter.com/DhlExpressMY/status/1440506681712996353,"Stunning sunset 🌞☀️🌞by @ivana_gjurin on Instagram! 📦Book your shipment at ✨MyDHL+ today:  https://t.co/0ZNLSBLAUM  #malaysian #planephotography #aviationaddict #fastdelivery #logisticsolutions #logisticscompany #DHL #DHLExpress #dhlmalaysia #malaysia #Internationalshipping  https://t.co/LAHrP7PqlC malaysian,planephotography,aviationaddict,fastdelivery,logisticsolutions,logisticscompany,DHL,DHLExpress,dhlmalaysia,malaysia,Internationalshipping",0,0,0,"['fastdelivery', 'dhlmalaysia', 'planephotography', 'malaysia', 'malaysian', 'logisticscompany', 'logisticsolutions', 'aviationaddict', 'DHL', 'DHLExpress', 'Internationalshipping']",1
1440503627638997003,2021-09-22,10:30:02,HandleComplaint,https://twitter.com/HandleComplaint/status/1440503627638997003,"“#FluBot” #scam text messages are impersonating parcel carrier #DHL.  Clicking the link will install malware on your phone &amp; steal #money &amp; personal info.  Read our full guide to spot &amp; avoid delivery #scams here:  https://t.co/TFnXUmflxy   https://t.co/NkfHdxlaIm FluBot,scam,DHL,money,scams",0,0,0,"['scams', 'DHL', 'money', 'scam']",1
1440503051333222416,2021-09-22,10:27:45,macreser,https://twitter.com/macreser/status/1440503051333222416,"Tried the #reMarkable2, but didn’t really care for it. They claim you can return it, but #dhl didn’t pick it up. The closest drop off is 100+ miles away. No direct contact info. Are they really this shitty of a company? reMarkable2,dhl",0,0,0,"['dhl', 'reMarkable2']",0
1440502157816459274,2021-09-22,10:24:12,dtdcaustralia,https://twitter.com/dtdcaustralia/status/1440502157816459274,"The Spirit Of Cricket India - A Book By Steve Waugh Secure your 20% special offer today. Visit:  https://t.co/32C74dEBOp #SteveWaugh #Cricket #dhl #FedEx #aramex #aupost #dhlexpress  https://t.co/f2rIc9nqXf SteveWaugh,Cricket,dhl,FedEx,aramex,aupost,dhlexpress",0,0,0,"['dhl', 'aupost', 'aramex', 'Cricket', 'FedEx', 'dhlexpress', 'SteveWaugh']",1
1440526262691196933,2021-09-22,11:59:59,learningscc,https://twitter.com/learningscc/status/1440526262691196933,"DHL marks a new milestone of COVID-19 vaccine deliveries, shipping out 1 billion vaccine doses to more than 160 countries since December last year.   https://t.co/PSeIPbCQy7  #dhl #vaccinerollout #logistics #coldchain #pharmaceuticalsupplychain dhl,vaccinerollout,logistics,coldchain,pharmaceuticalsupplychain",0,0,0,"['dhl', 'logistics', 'pharmaceuticalsupplychain', 'vaccinerollout', 'coldchain']",1
1440587895543250963,2021-09-22,16:04:53,LPbcn01,https://twitter.com/LPbcn01/status/1440587895543250963,"@DHLeCommerce @Insta360service @insta360 I have already spoken with the postal service #DHL in Spain, they force me to pay 30€ for customs management for doing nothing. DHL",1,0,0,['DHL'],1
1440586664901029888,2021-09-22,16:00:00,DeutschePostDHL,https://twitter.com/DeutschePostDHL/status/1440586664901029888,"In our new behind-the-scenes video, we take you to Matera, Italy where part of NO TIME TO DIE was filmed. Find out how we handled the logistics there:  https://t.co/B1C50j5o0J #NoTimeToDie in cinemas September 30 #JamesBond #DHL  https://t.co/2r7iCXOvDb NoTimeToDie,JamesBond,DHL",1,1,5,"['DHL', 'JamesBond', 'NoTimeToDie']",1
1440586521287925763,2021-09-22,15:59:26,DHLGlobal,https://twitter.com/DHLGlobal/status/1440586521287925763,"In our new behind-the-scenes video, we take you to Matera, Italy where part of NO TIME TO DIE was filmed. Find out how we handled the logistics there:  https://t.co/PClN1eaGnm #NoTimeToDie in cinemas September 30 #JamesBond #DHL  https://t.co/aXOq9rTKIK NoTimeToDie,JamesBond,DHL",0,0,2,"['DHL', 'JamesBond', 'NoTimeToDie']",1
1440576481525047298,2021-09-22,15:19:32,LPbcn01,https://twitter.com/LPbcn01/status/1440576481525047298,@pressredrentals @ConstableChaos UPS right. You will pay for nothing with #DHL DHL,0,0,0,['DHL'],1
1440601017830109194,2021-09-22,16:57:02,Alitaangel26651,https://twitter.com/Alitaangel26651/status/1440601017830109194,"We have a warehouse in China and can help with packing Collect Taobao express, pack it and send it to the world. If you need it, you can contact me #dhl #ups dhl,ups",0,0,0,"['dhl', 'ups']",1
1440593526216036352,2021-09-22,16:27:16,LPbcn01,https://twitter.com/LPbcn01/status/1440593526216036352,"@DHLeCommerce I have already spoken with the postal service #DHL in Spain, they force me to pay 30€ for customs management for doing nothing. DHL",1,0,0,['DHL'],1
1440632151905431571,2021-09-22,19:00:45,dhl_forwarding,https://twitter.com/dhl_forwarding/status/1440632151905431571,"How does the #AirFreight industry look like in September?   Check out out latest report:   https://t.co/zAUJFgG6Xk  #DHL #DHLGlobalForwarding #logistics  https://t.co/leQilw8h4T AirFreight,DHL,DHLGlobalForwarding,logistics",0,0,0,"['AirFreight', 'DHLGlobalForwarding', 'logistics', 'DHL']",1
1440620736171831310,2021-09-22,18:15:23,ScuttleBoxGH,https://twitter.com/ScuttleBoxGH/status/1440620736171831310,"We entreat everyone to request a box for their church or mosque and God will remember you as you remember his home🤗 #getascuttleboxnow  #deliverybox #delivery #scuttlebox #mailboxghana #ghanapost #jumia #dhl #amazon #ghana #ghanafood #ghanabusiness #accra  https://t.co/Ue82EiUNSe getascuttleboxnow,deliverybox,delivery,scuttlebox,mailboxghana,ghanapost,jumia,dhl,amazon,ghana,ghanafood,ghanabusiness,accra",0,1,1,"['dhl', 'accra', 'amazon', 'scuttlebox', 'mailboxghana', 'delivery', 'getascuttleboxnow', 'ghana', 'jumia', 'ghanapost', 'deliverybox', 'ghanafood', 'ghanabusiness']",1
1440609341027983364,2021-09-22,17:30:06,jonathoncloud1,https://twitter.com/jonathoncloud1/status/1440609341027983364,"#genuinecarparts #srilanka #dhl  https://t.co/RybSpESgSn genuinecarparts,srilanka,dhl",0,0,0,"['dhl', 'genuinecarparts', 'srilanka']",1
1440632866220613637,2021-09-22,19:03:35,AndrewGrill,https://twitter.com/AndrewGrill/status/1440632866220613637,"Had a great time presenting to the #DHL Global Forwarding European Management team in #stresa 🇮🇹recently. You can watch a replay at  https://t.co/CgUifepKo6 thanks to @vbqspeakers #ActionableFuturist #futurist #keynotespeaker #futurologist #disruption #futurologist #eventptofs DHL,stresa,ActionableFuturist,futurist,keynotespeaker,futurologist,disruption,futurologist,eventptofs",0,0,0,"['eventptofs', 'futurist', 'keynotespeaker', 'stresa', 'disruption', 'DHL', 'futurologist', 'ActionableFuturist']",1
1440629978874335233,2021-09-22,18:52:07,dhlexpressuk,https://twitter.com/dhlexpressuk/status/1440629978874335233,"As the Official Logistics Partner of NO TIME TO DIE, we want to show you how DHL delivered equipment to Jamaica for the new @007 film:  https://t.co/T33iAbhrSA  #NoTimeToDie in cinemas September 30 #JamesBond #DHL  https://t.co/fZezHTi0xi NoTimeToDie,JamesBond,DHL",0,0,2,"['DHL', 'JamesBond', 'NoTimeToDie']",1
1440647129832189954,2021-09-22,20:00:16,DHLExpressFI,https://twitter.com/DHLExpressFI/status/1440647129832189954,"In total, DHL transported 11,039kg of costumes around the world for the 25th James Bond film, including the iconic bikini which featured in DR. NO, to the GoldenEyevilla in Jamaica for #NoTimeToDie's start of production announcement. #JamesBond #DHL  https://t.co/lcrTDEkjQo  https://t.co/0ayHOMs0us NoTimeToDie,JamesBond,DHL",0,0,0,"['NoTimeToDies', 'JamesBond', 'DHL']",1
1440639777590571014,2021-09-22,19:31:03,dhl_forwarding,https://twitter.com/dhl_forwarding/status/1440639777590571014,"How does the #AirFreight industry look like in September?   Check out our latest report:   https://t.co/7CVAXwbytJ  #DHL #DHLGlobalForwarding #logistics  https://t.co/AJnnkjP9rh AirFreight,DHL,DHLGlobalForwarding,logistics",0,1,1,"['AirFreight', 'DHLGlobalForwarding', 'logistics', 'DHL']",1
1440662166152044544,2021-09-22,21:00:01,DHLexpress,https://twitter.com/DHLexpress/status/1440662166152044544,"French #fashion brand Capuche Paris creates stylish pocket rain bonnets exclusively designed and # handmade in #France. To celebrate her collaboration with DHL, founder Juliette Babelot created a unique, minimalistic chain pattern out of the #DHL logo.  https://t.co/BUfWHQ4M8W fashion,France,DHL",0,1,2,"['', 'DHL', 'fashion', 'France']",1
1440662122229219331,2021-09-22,20:59:50,AlRometsch,https://twitter.com/AlRometsch/status/1440662122229219331,"DHL delivers eight original James Bond vehicles for exhibition from the UK to the USA #JamesBond007 #DHL #NoTimeToDie   https://t.co/nvGpLpdAT0 JamesBond007,DHL,NoTimeToDie",0,0,0,"['JamesBond007', 'NoTimeToDie', 'DHL']",1
1440659238930452492,2021-09-22,20:48:23,andrebruton,https://twitter.com/andrebruton/status/1440659238930452492,"Oh for crying in a bucket... frustrating using @DHLAfrica ... again... #dhl #dhlexpress dhl,dhlexpress",0,0,0,"['dhl', 'dhlexpress']",1
1440680423785320449,2021-09-22,22:12:34,springhousese,https://twitter.com/springhousese/status/1440680423785320449,"#JamesBond #Bond25 #NoTimeToDie #movie #cinema #BondJamesBond #behindthescenes #filmproduction #filmcrew #setlife #crewmatter #Bondfilm #cast #actor #DanielCraig #filmlocation #Matera #DHL #cargo JamesBond,Bond25,NoTimeToDie,movie,cinema,BondJamesBond,behindthescenes,filmproduction,filmcrew,setlife,crewmatter,Bondfilm,cast,actor,DanielCraig,filmlocation,Matera,DHL,cargo",0,0,2,"['filmproduction', 'actor', 'Matera', 'cinema', 'movie', 'behindthescenes', 'filmlocation', 'Bondfilm', 'crewmatter', 'NoTimeToDie', 'DHL', 'BondJamesBond', 'Bond25', 'filmcrew', 'JamesBond', 'setlife', 'cast', 'DanielCraig', 'cargo']",1
1440680339794378768,2021-09-22,22:12:14,ShipEngineAPI,https://twitter.com/ShipEngineAPI/status/1440680339794378768,"Automatically schedule pickups for @USPS, @UPS and @DHLexpress shipments using @ShipEngineAPI's APIs. Here's how:  https://t.co/VqIHmCSCDr #shipping #ecommerce #retail #usps #ups #dhl #distribution #warehouse #fulfillment #api shipping,ecommerce,retail,usps,ups,dhl,distribution,warehouse,fulfillment,api",0,0,0,"['dhl', 'distribution', 'warehouse', 'api', 'retail', 'ups', 'ecommerce', 'fulfillment', 'shipping', 'usps']",1
1440679826361225219,2021-09-22,22:10:11,DHLsupplychain,https://twitter.com/DHLsupplychain/status/1440679826361225219,"Discover how we travelled around the world from London to Jamaica and then to Matera, Italy to help deliver the new James Bond film, NO TIME TO DIE. #NoTimeToDie in cinemas September 30 #JamesBond #DHL   https://t.co/TlxJdAsbLq  https://t.co/JIR5gAijSM NoTimeToDie,JamesBond,DHL",0,0,1,"['DHL', 'JamesBond', 'NoTimeToDie']",1
1440675019210702849,2021-09-22,21:51:05,palmsonmars,https://twitter.com/palmsonmars/status/1440675019210702849,"This #DHL package is having a crazy story and made a circuitous journey. Sent by our partner company in #Shanghai traveled to Germany, Austria then back to Asia and back again to Verona to be delivered in #Bozen. Now it’s getting to a production studio with me by train to Mi…  https://t.co/0ZzzNi0cCi DHL,Shanghai,Bozen",0,0,0,"['Bozen', 'Shanghai', 'DHL']",1
1440665282515591171,2021-09-22,21:12:24,Zsazsaamor,https://twitter.com/Zsazsaamor/status/1440665282515591171,"@DHLUSHelp #CancelDHL #DHL are thieves CancelDHL,DHL",0,0,0,"['CancelDHL', 'DHL']",1
1440685298950696964,2021-09-22,22:31:56,DonnQP,https://twitter.com/DonnQP/status/1440685298950696964,"Why would Amazon spend money on a totally useless keyword on a totally useless search engine?  I'd wager visits via #SEM is the #KPI of somebody ..and this seems like a good idea to get them?  #amazon #dhl #ecosia  https://t.co/USwdCG6peu SEM,KPI,amazon,dhl,ecosia",1,0,1,"['dhl', 'SEM', 'ecosia', 'amazon', 'KPI']",1
1440722860431982598,2021-09-23,01:01:11,robertoriverosa,https://twitter.com/robertoriverosa/status/1440722860431982598,"...@robertoriverosa also has #Fedex and #DHL to ship ur documents! #Apostille, #Translation and #legal #consultancy all in 1 place! 5 minutes from @BOG_ELDORADO  and @USEmbassyBogota Fedex,DHL,Apostille,Translation,legal,consultancy",0,0,0,"['Fedex', 'Apostille', 'Translation', 'consultancy', 'DHL', 'legal']",1
1440719897084923912,2021-09-23,00:49:25,DomainMr,https://twitter.com/DomainMr/status/1440719897084923912,"☆☆☆  https://t.co/Q9XXss01d0 ☆☆☆ for sale ☆☆☆  #domain #domains #domainname #domainnames #domainsale #domainsales #domainnameforsale #domainnamesforsale #entrepreneur #sedo #afternic #godaddy #Finance #Investment #marketing #Delivery #dhl #Shipping #parcel #fedex #ups  https://t.co/5EeHAHy7os domain,domains,domainname,domainnames,domainsale,domainsales,domainnameforsale,domainnamesforsale,entrepreneur,sedo,afternic,godaddy,Finance,Investment,marketing,Delivery,dhl,Shipping,parcel,fede",0,0,0,"['domainsales', 'Investment', 'domainnameforsale', 'domains', 'Finance', 'parcel', 'afternic', 'marketing', 'domainsale', 'godaddy', 'domainname', 'domainnames', 'Delivery', 'fedex', 'sedo', 'domain', 'dhl', 'domainnamesforsale', 'ups', 'Shipping', 'entrepreneur']",1
1440718887423676418,2021-09-23,00:45:24,VMDOS2,https://twitter.com/VMDOS2/status/1440718887423676418,@marylinda0314 @unahpmas Sediento x ti  Dos dias esperando en #dhl saludos dhl,1,0,2,['dhl'],1
1440715293634875404,2021-09-23,00:31:07,iShipnPack,https://twitter.com/iShipnPack/status/1440715293634875404,"New season, new approach! Let us compare shipping rates and find the best one for you. • #ishipnpack #smallbusiness #pittsburgh #squirrelhill #dhl #fedex #ups #usps  https://t.co/K4FlXWdble ishipnpack,smallbusiness,pittsburgh,squirrelhill,dhl,fedex,ups,usps",0,0,0,"['dhl', 'squirrelhill', 'ups', 'ishipnpack', 'pittsburgh', 'fedex', 'smallbusiness', 'usps']",1
1440702663293751308,2021-09-22,23:40:56,raspishake,https://twitter.com/raspishake/status/1440702663293751308,"We are having some traffic in the office 🚕🚙🚗🚚🛻...more than 40 units are being shipped today! #Raspishake #Italy #Mexico #Canada #Ecuador #Spain #NewZealand #ElSalvador #USA probably your's is on the way! #DHL  https://t.co/oupIC2RWjU Raspishake,Italy,Mexico,Canada,Ecuador,Spain,NewZealand,ElSalvador,USA,DHL",0,1,7,"['ElSalvador', 'Ecuador', 'Spain', 'USA', 'Italy', 'NewZealand', 'DHL', 'Raspishake', 'Mexico', 'Canada']",1
1440702205967826945,2021-09-22,23:39:07,DHLExpressIndia,https://twitter.com/DHLExpressIndia/status/1440702205967826945,"As the race for the top 4 intensifies, our team gears up to face the knights tomorrow at Dubai. We are all set to cheer our team.  Let's together become #TheTeamBehindTheTeam  #DHL #MumbaiIndians #MI #Matchday  https://t.co/KfL2CIFhnP TheTeamBehindTheTeam,DHL,MumbaiIndians,MI,Matchday",0,2,9,"['TheTeamBehindTheTeam', 'MI', 'DHL', 'MumbaiIndians', 'Matchday']",1
1440845868526014465,2021-09-23,09:09:59,MarianaEspitia,https://twitter.com/MarianaEspitia/status/1440845868526014465,"@lopezdoriga #DHL #togetherunstoppable DHL,togetherunstoppable",0,0,0,"['togetherunstoppable', 'DHL']",1
1440844273654525953,2021-09-23,09:03:39,Tsetseg01,https://twitter.com/Tsetseg01/status/1440844273654525953,"Thanks to #DHL. You save our time, money!  https://t.co/hXPdboWaHy DHL",1,0,8,['DHL'],1
1440874050134454272,2021-09-23,11:01:58,centralspotter,https://twitter.com/centralspotter/status/1440874050134454272,"👀✈️🔊D-ALEJ  #Unknown  #DHL Air  #Airbus A330 243F  From: #Unknown To: #Unknown Alt 39000ft  #3C70AA    #CentralSpotter #Scotland #adsb #ScotRadar Unknown,DHL,Airbus,Unknown,Unknown,3C70AA,CentralSpotter,Scotland,adsb,ScotRadar",0,0,0,"['Unknown', 'adsb', 'Airbus', 'DHL', 'ScotRadar', 'CentralSpotter', '3C70AA', 'Scotland']",1
1440867996830887945,2021-09-23,10:37:55,mypenplease,https://twitter.com/mypenplease/status/1440867996830887945,"Pack and Ship Express &amp; #DHL Lawsuit Update DAY 129 #ElPaso #Texas  https://t.co/idnNSqcPQS via @YouTube DHL,ElPaso,Texas",0,0,0,"['ElPaso', 'Texas', 'DHL']",1
1440864459241652234,2021-09-23,10:23:51,DhlExpressMY,https://twitter.com/DhlExpressMY/status/1440864459241652234,"DHL has transported 11,039kg of costumes around the 🌏world for the 25th @007 film. We also helped deliver the iconic bikini which featured in DR. NO to Ian Fleming’s GoldenEye villa in Jamaica for NO TIME TO DIE'S start of 🎬production announcement.  #NoTimeToDie #JamesBond #DHL  https://t.co/ZjEImYWB7b NoTimeToDie,JamesBond,DHL",0,1,1,"['DHL', 'JamesBond', 'NoTimeToDie']",1
1440863879362490370,2021-09-23,10:21:33,centralspotter,https://twitter.com/centralspotter/status/1440863879362490370,"👀✈️🔊D-ALMA  #Unknown  #DHL Air  #Airbus A330 243F  From: #Unknown To: #Unknown Alt 39000ft  #3C71A1    #CentralSpotter #Scotland #adsb #ScotRadar Unknown,DHL,Airbus,Unknown,Unknown,3C71A1,CentralSpotter,Scotland,adsb,ScotRadar",0,0,0,"['3C71A1', 'Unknown', 'adsb', 'Airbus', 'DHL', 'ScotRadar', 'CentralSpotter', 'Scotland']",1
1440849533869514762,2021-09-23,09:24:33,KcKicks16,https://twitter.com/KcKicks16/status/1440849533869514762,Damn @UPS y’all really are the fucking worst ever!! Please get your shit together!! Even #DHL better than you guys 🤦🏻‍♂️🤦🏻‍♂️🤦🏻‍♂️🤦🏻‍♂️ DHL,0,0,0,['DHL'],1
