id,conversation_id,created_at,date,timezone,place,tweet,language,hashtags,cashtags,user_id,user_id_str,username,name,day,hour,link,urls,photos,video,thumbnail,retweet,nlikes,nreplies,nretweets,quote_url,search,near,geo,source,user_rt_id,user_rt,retweet_id,reply_to,retweet_date,translate,trans_src,trans_dest
1424883147519447042,1409398037097574402,1628553590000.0,2021-08-10 07:59:50,+0800,,@Boxit4me من تاريخ 27/7 وحتى اليوم الشحنة معلقة في المستودع الخاص بكم وتقولون ارسل ايميل ارسلت ايميلات كثيرة ولكن المستوى المتدني في التعامل هذا ديدنكم ولا يمكنكم منافسة الشركات الاخرى لان ليس لديكم ثقافه التطوير والانجاز متى يتم ارجاعها !! او ايجاد الحلول ؟ #Boxit4me #dhl #شحن #الخليج,ar,"['boxit4me', 'dhl', 'شحن', 'الخليج']",[],454182774,454182774,als3idi__q8,م.عبداللطيف الخثعاوي,2,07,https://twitter.com/als3idi__q8/status/1424883147519447042,[],[],0,,False,0,0,0,,#dhl,,,,,,,"[{'screen_name': 'Boxit4me', 'name': 'Boxit4me', 'id': '976064101775495168'}]",,,,
1424871158307037192,1424871158307037192,1628550731000.0,2021-08-10 07:12:11,+0800,,Hearing from a few people this may be fake news. Can anyone confirm? #dhl #uav #drone #parcelcopter   https://t.co/BMQCq7dB1u,en,"['dhl', 'uav', 'drone', 'parcelcopter']",[],1389988388216975365,1389988388216975365,RavatiAerospace,Ravati Aerospace,2,07,https://twitter.com/RavatiAerospace/status/1424871158307037192,['https://www.benzinga.com/node/22407495'],[],0,,False,0,0,0,,#dhl,,,,,,,[],,,,
1424870002088349697,1424870002088349697,1628550455000.0,2021-08-10 07:07:35,+0800,,Worth a read! #DHL buys electric cargo planes for U.S. package delivery from start-up Eviation @CNBC  https://t.co/cSf6IcUhYt,en,['dhl'],[],2322887886,2322887886,LogisticsTrnds,Logistics Trends,2,07,https://twitter.com/LogisticsTrnds/status/1424870002088349697,['https://www.cnbc.com/2021/08/03/dhl-express-buys-eviation-electric-planes-for-us-package-delivery.html?__source=iosappshare%7Ccom.apple.UIKit.activity.PostToTwitter'],[],0,,False,0,0,0,,#dhl,,,,,,,[],,,,
1424868093604495361,1424868093604495361,1628550000000.0,2021-08-10 07:00:00,+0800,,El gigante postal #DHL estira las alas y despega hacia la aviación de cero emisiones. Míralo aquí !!! @DHLAmericas  https://t.co/4HTSupHPJj,es,['dhl'],[],1017947926667190277,1017947926667190277,WorldEnergyTrad,World Energy Trade,2,07,https://twitter.com/WorldEnergyTrad/status/1424868093604495361,['https://www.worldenergytrade.com/innovacion/movilidad/dhl-encarga-12-aviones-electricos-a-eviation-aircraft-para-una-logistica-con-cero-emisiones'],[],0,,False,1,0,1,,#dhl,,,,,,,[],,,,
1424828367417708562,1424828367417708562,1628540529000.0,2021-08-10 04:22:09,+0800,,"Thanks for delivering my $300 @hottoysofficial figure so carefully, @DHLUS #dhl 🤦🏻‍♂️😂  https://t.co/mG6UqQ7HXs",en,['dhl'],[],892463887831912448,892463887831912448,shellpose,shellpose,2,04,https://twitter.com/shellpose/status/1424828367417708562,[],[],1,https://pbs.twimg.com/ext_tw_video_thumb/1424828098990641152/pu/img/yk10EK8Uynsk0Xc-.jpg,False,2,2,0,,#dhl,,,,,,,[],,,,
1424824212917739520,1424824212917739520,1628539538000.0,2021-08-10 04:05:38,+0800,,Es klang verlockend: In unwegsamen Gegenden wollte #DHL Drohnen als Paketzusteller nutzen. Doch das Pilotprojekt des Unternehmens wird nicht weiterverfolgt.  https://t.co/4FbT2EcFpt,de,['dhl'],[],19811643,19811643,LVZ,LVZ,2,04,https://twitter.com/LVZ/status/1424824212917739520,['https://www.lvz.de/Region/Mitteldeutschland/Paketzustellung-per-Drohne-DHL-verabschiedet-sich-von-diesem-Projekt?utm_medium=Social&utm_source=Twitter#Echobox=1628528586'],[],0,,False,2,0,0,,#dhl,,,,,,,[],,,,
1424823941588262915,1424812943443742723,1628539474000.0,2021-08-10 04:04:34,+0800,,3. Çok hızlılardan kastım #amazon ve #dhl değil. Bunlar zaten hızlı. Lafım diğerlerine.,tr,"['amazon', 'dhl']",[],1311546767444447232,1311546767444447232,ugur_ilbeyi,Ugur ILBEYI,2,04,https://twitter.com/ugur_ilbeyi/status/1424823941588262915,[],[],0,,False,1,0,0,,#dhl,,,,,,,[],,,,
1424822840470261768,1424822840470261768,1628539211000.0,2021-08-10 04:00:11,+0800,,"#OPINION La historia de la no detección de incendio en Argentina. Por: Ing. Emilio Romano, COPIME 11770, Registro 477  https://t.co/5yfYP6rwyq #INCENDIO #DHL  https://t.co/W8IWEcEDM8",es,"['opinion', 'incendio', 'dhl']",[],2223887012,2223887012,INNOVACIONseg,Revista Innovación Seguridad,2,04,https://twitter.com/INNOVACIONseg/status/1424822840470261768,['https://revistainnovacion.com/nota/11417/la_historia_de_la_no_deteccion_de_incendio_en_argentina/'],['https://pbs.twimg.com/media/E8X80rEXEAYOMMP.jpg'],1,https://pbs.twimg.com/media/E8X80rEXEAYOMMP.jpg,False,0,0,0,,#dhl,,,,,,,[],,,,
1424818209170075648,1424818209170075648,1628538107000.0,2021-08-10 03:41:47,+0800,,"The Dutch #Parcel market is changing. In 2020, market leader #PostNL lost +/- 5% market share to #DHL. How will this change in 2021, now that #Amazon launched its own #ParcelDelivery service in The #Netherlands?  https://t.co/yYavN0xoDa @AutoriteitCM",en,"['parcel', 'postnl', 'dhl', 'amazon', 'parceldelivery', 'netherlands']",[],303481645,303481645,zivbaida,Ziv Baida,2,03,https://twitter.com/zivbaida/status/1424818209170075648,['https://www.acm.nl/nl/publicaties/post-en-pakkettenmonitor-2020'],[],0,,False,0,0,0,,#dhl,,,,,,,[],,,,
1424814696662765569,1424814696662765569,1628537270000.0,2021-08-10 03:27:50,+0800,,This is after the installer was effing and blinding when he came. Was aggressive and asking what my relationship with my friend was? It’s disgusting .. this is the best #dhl has to offer? And representative of @argoshelpers,en,['dhl'],[],1415694798116229129,1415694798116229129,TSMirza_,Tayaba,2,03,https://twitter.com/TSMirza_/status/1424814696662765569,[],[],0,,False,0,0,0,,#dhl,,,,,,,[],,,,
1424797585269837828,1424797585269837828,1628533190000.0,2021-08-10 02:19:50,+0800,,"A #DHL Express firmou parceria com a #Eviation, fabricante global de #aeronaves totalmente elétricas com sede na área de #Seattle, EUA, para a aquisição de 12 #aviões Alice e-Cargo totalmente #elétricos. Saiba mais em:  https://t.co/Iyc9YO8wbt",pt,"['dhl', 'eviation', 'aeronaves', 'seattle', 'aviões', 'elétricos']",[],226272999,226272999,logweb_editora,Logweb Editora,2,02,https://twitter.com/logweb_editora/status/1424797585269837828,['https://www.logweb.com.br/dhl-express-faz-pedido-de-12-avioes-de-carga-totalmente-eletricos-da-eviation/'],[],0,,False,0,0,0,,#dhl,,,,,,,[],,,,
1424793797515366414,1424793797515366414,1628532287000.0,2021-08-10 02:04:47,+0800,,"@DHLExpressIndia Hi how about Import Export, I emailed them last week but your team not responding. We emailed her but she is not responding to our emails: sejal.rane@dhl.com #revert #DHL #solution",en,"['revert', 'dhl', 'solution']",[],119140505,119140505,AshutooshArya,Ashutoosh Arya,2,02,https://twitter.com/AshutooshArya/status/1424793797515366414,[],[],0,,False,0,0,0,,#dhl,,,,,,,[],,,,
1424793381004316672,1424793381004316672,1628532188000.0,2021-08-10 02:03:08,+0800,,DHL encarga los primeros aviones Alice eCargo totalmente eléctricos de Eviation.   https://t.co/LVL4AsE5fu  #DHL #avioneseléctricos #aviones #aviacion #logistica #transporte #Avatarenergia #eviation,es,"['dhl', 'avioneseléctricos', 'aviones', 'aviacion', 'logistica', 'transporte', 'avatarenergia', 'eviation']",[],1029738912925798400,1029738912925798400,avatarenergia,Avatar Energía,2,02,https://twitter.com/avatarenergia/status/1424793381004316672,['https://avatarenergia.com/dhl-encarga-los-primeros-aviones/'],[],0,,False,0,0,0,,#dhl,,,,,,,[],,,,
1424790573731487745,1424790573731487745,1628531518000.0,2021-08-10 01:51:58,+0800,,"#Boeing  #United  #DHL  se van sumando al cambio de los aviones electricos, #Seguimos",es,"['boeing', 'united', 'dhl', 'seguimos']",[],40650444,40650444,FernandoSued1,Fernando Sued,2,01,https://twitter.com/FernandoSued1/status/1424790573731487745,[],[],0,,False,3,0,0,,#dhl,,,,,,,[],,,,
1424789580075737093,1424789580075737093,1628531281000.0,2021-08-10 01:48:01,+0800,,"#nosjournaal #op1 #rtlnieuws #rtlboulevard #humberto #postnl #dhl #ups #dpd hoe is het mogelijk dat deze pakketbezorger met een strafblad werkzaam kan zijn bij een koeriersdienst,is hier een #VOG niet verplicht tijdens sollicitatie..  https://t.co/y015q6L5UM",nl,"['nosjournaal', 'op1', 'rtlnieuws', 'rtlboulevard', 'humberto', 'postnl', 'dhl', 'ups', 'dpd', 'vog']",[],580891140,580891140,P0W3RCH4NN3L,📡ℙ✊𝕎𝟛ℝℂℍ𝟜ℕℕ𝟛𝕃 𝔽ℝ𝟛𝟛𝔻𝟘𝕄 😷𝔽 𝕊ℙ𝟛𝟛ℂℍ✌,2,01,https://twitter.com/P0W3RCH4NN3L/status/1424789580075737093,['https://nos.nl/artikel/2393255-zeven-jaar-cel-en-tbs-voor-pakketbezorger-die-man-doodreed-in-wijchen'],[],0,,False,1,0,0,,#dhl,,,,,,,[],,,,
1424781468576911362,1424781468576911362,1628529347000.0,2021-08-10 01:15:47,+0800,,"""  keep up with the clicks  ""  Zeer gave reclame  !! #DHL",en,['dhl'],[],536329435,536329435,Rudiesmening,Rudi,2,01,https://twitter.com/Rudiesmening/status/1424781468576911362,[],[],0,,False,0,0,0,,#dhl,,,,,,,[],,,,
1424776993577521156,1424776993577521156,1628528281000.0,2021-08-10 00:58:01,+0800,,"Elke #webshop met @DHLNL #bezorging is een aantal klanten kwijt. Leveren nooit op het adres. Maar best een voordeel is wel, geen #DHL als bezorger, klant erbij wellicht. #marktwerking",nl,"['webshop', 'bezorging', 'dhl', 'marktwerking']",[],222638149,222638149,Rrobinn1,Robinn,2,00,https://twitter.com/Rrobinn1/status/1424776993577521156,[],[],0,,False,1,0,0,,#dhl,,,,,,,[],,,,
1424767315174887430,1424767315174887430,1628525973000.0,2021-08-10 00:19:33,+0800,,Onbetrouwbare bezorger #DHL .Krijg een berichtje via #DHL app dat pakket niet bezorgd kon worden. Wat een onzin: ben gewoon thuis. Nu moet ik het morgen ophalen. Leugenachtige bezorger in #Zuiderzeewijk #Lelystad,nl,"['dhl', 'dhl', 'zuiderzeewijk', 'lelystad']",[],396603698,396603698,HansdeBoerLstad,Hans de Boer twijfelt of hij het zeker weet.,2,00,https://twitter.com/HansdeBoerLstad/status/1424767315174887430,[],[],0,,False,0,1,0,,#dhl,,,,,,,[],,,,
1424767267536048132,1424767267536048132,1628525962000.0,2021-08-10 00:19:22,+0800,,"@DHLNL e-mail ontvangen dat pakket afgeleverd is bij DHL punt. Ik kom daar zeggen ze dat ie dan in de locker moet liggen en ik een code heb. M’n email doorgespit, geen codes gekregen. Klantenservice dicht. Goed geregeld wel. #dhl",nl,['dhl'],[],4023213279,4023213279,anneloes_vos,Anneloes Vos,2,00,https://twitter.com/anneloes_vos/status/1424767267536048132,[],[],0,,False,0,0,0,,#dhl,,,,,,,[],,,,
1424766108758945796,1424766108758945796,1628525685000.0,2021-08-10 00:14:45,+0800,,"Der #DHL-Bote legt nach 1 (!) Zustellversuch das Paket in einem #Paketshop in 4km Entfernung ab, der werktags um 17h schließt. Keine weitere Pointe.  https://t.co/UeEvD6cYVD",de,"['dhl', 'paketshop']",[],2590307262,2590307262,100Goldfischli,Keanu Ahnung!,2,00,https://twitter.com/100Goldfischli/status/1424766108758945796,[],['https://pbs.twimg.com/media/E8XJK7GXEAQkACr.jpg'],1,https://pbs.twimg.com/media/E8XJK7GXEAQkACr.jpg,False,0,0,0,,#dhl,,,,,,,[],,,,
1424765285853134850,1424765285853134850,1628525489000.0,2021-08-10 00:11:29,+0800,,"💥Envíos exprés GRATIS 💥 -Aplica en Ciudad de México y Edo. Mex. -Próximamente a todo el país.  😱 -Visítanos, o visita nuestro site:  https://t.co/UA7xIGYw51 . . #sladom #paqueteria #gratis #shipping #free #sepomex #fedex #ups #DHL #redpack #estafeta   (aplica restric.).  https://t.co/jcNlEB9iEf",es,"['sladom', 'paqueteria', 'gratis', 'shipping', 'free', 'sepomex', 'fedex', 'ups', 'dhl', 'redpack', 'estafeta']",[],1139591887646416896,1139591887646416896,Sladom1,SLADOM,2,00,https://twitter.com/Sladom1/status/1424765285853134850,['http://www.sladom.com.mx'],['https://pbs.twimg.com/media/E8XH7LEUYAAaUvg.png'],1,https://pbs.twimg.com/media/E8XH7LEUYAAaUvg.png,False,0,0,0,,#dhl,,,,,,,[],,,,
1424762339115601922,1424762339115601922,1628524787000.0,2021-08-09 23:59:47,+0800,,@Acer_Nederland Laptop versturen via #DHL is lastig omdat ze geen tijd blokken hebben en alleen tussen 800 en 1800 uur langs kunnen komen alsof iedereen de hele dag maar thuis is .,nl,['dhl'],[],78369267,78369267,WilmaHee,"Wilma Heemskerk ""wil weer terug naar normaal""",1,23,https://twitter.com/WilmaHee/status/1424762339115601922,[],[],0,,False,0,0,0,,#dhl,,,,,,,[],,,,
1424753973890797571,1424753973890797571,1628522792000.0,2021-08-09 23:26:32,+0800,,"@DHLnl Er gebeurt al vijf, (5) dagen niks met pakket 3SBHP006628884. Wanneer zorgt DHL dat het pakket bij de afzender wordt afgeleverd? Afleveren gaat fout, retourneren is ook een drama bij #DHL. #fail",nl,"['dhl', 'fail']",[],188290432,188290432,ReneeG_dj,Renee,1,23,https://twitter.com/ReneeG_dj/status/1424753973890797571,[],[],0,,False,0,0,0,,#dhl,,,,,,,[],,,,
1424748570742231045,1424748570742231045,1628521504000.0,2021-08-09 23:05:04,+0800,,DHL AVIATION - Ex UK &amp; IRE  Space available into 𝗡𝗔𝗜𝗥𝗢𝗕𝗜 (𝗡𝗕𝗢) 🇰🇪 Call now for rates &amp; schedules.  #AirFreight | #AirCargo | #DHL | #Kinshasa | #Aviation  https://t.co/qhWYBCkEye,en,"['airfreight', 'aircargo', 'dhl', 'kinshasa', 'aviation']",[],2679062154,2679062154,HAEGroup,HAE Group,1,23,https://twitter.com/HAEGroup/status/1424748570742231045,[],['https://pbs.twimg.com/media/E8W5ReoWQAYACiA.jpg'],1,https://pbs.twimg.com/media/E8W5ReoWQAYACiA.jpg,False,1,0,0,,#dhl,,,,,,,[],,,,
1424747974161174536,1424747970562445315,1628521362000.0,2021-08-09 23:02:42,+0800,,#FedEx should work on their customer service instead of just advertising. I had better experience with #dhl before and I regret to choose #FedEx this time.,en,"['fedex', 'dhl', 'fedex']",[],145117537,145117537,NileshBhutal,nilesh bhutal,1,23,https://twitter.com/NileshBhutal/status/1424747974161174536,[],[],0,,False,0,0,0,,#dhl,,,,,,,[],,,,
1424745508904611844,1424745508904611844,1628520774000.0,2021-08-09 22:52:54,+0800,,"@DHLPaket @BMF_Bund Moin, wie lautet die email Adresse zur Anforderung eines Abgabenbescheids? Diese Adresse wurde mir zweimal von der telefonhotline genannt? #dhl #zoll  https://t.co/u9b9zAF7Vp",de,"['dhl', 'zoll']",[],103373796,103373796,smartsurfer99,Roman,1,22,https://twitter.com/smartsurfer99/status/1424745508904611844,[],['https://pbs.twimg.com/media/E8W2e_qWEAQtk3y.jpg'],1,https://pbs.twimg.com/media/E8W2e_qWEAQtk3y.jpg,False,0,0,0,,#dhl,,,,,,,[],,,,
1424734622622097415,1424734622622097415,1628518178000.0,2021-08-09 22:09:38,+0800,,"Tjonge jonge #dhl, bericht dat we niet thuis waren??? In de tuin aan het klussen met zicht op de weg. Onmogelijk dat we er niet waren 😡.  Dit ging waarschijnlijk sneller voor jullie🤔",nl,['dhl'],[],1166126304,1166126304,Carolientje_C,Carolientje,1,22,https://twitter.com/Carolientje_C/status/1424734622622097415,[],[],0,,False,0,0,0,,#dhl,,,,,,,[],,,,
1424724552513474560,1424724552513474560,1628515778000.0,2021-08-09 21:29:38,+0800,,Lieferung per Drohne: #DHL stellt das Projekt „Paketkopter“ ein  https://t.co/QSww4OBoyk,de,['dhl'],[],15632048,15632048,mobiFlip,mobiFlip,1,21,https://twitter.com/mobiFlip/status/1424724552513474560,['https://www.mobiflip.de/shortnews/lieferung-per-drohne-dhl-stellt-das-projekt-paketkopter-ein/'],[],0,,False,2,0,1,,#dhl,,,,,,,[],,,,
1424720885936754689,1424720885936754689,1628514903000.0,2021-08-09 21:15:03,+0800,,"From biologist to CEO of #DHL Global Forwarding West Africa, Serigne Ndanck Mbayeis driven by a passion for #logistics. Learn more about his journey and drive to strengthen intra-Africa #trade.  #GoGlobal @DHLAfrica @DHLExpress   https://t.co/PEfFlrs7fy  https://t.co/U9NvjIilCC",en,"['dhl', 'logistics', 'trade', 'goglobal']",[],2507741466,2507741466,DHLUS,DHL U.S.,1,21,https://twitter.com/DHLUS/status/1424720885936754689,['https://us.dhl.gl/3rFJac1'],['https://pbs.twimg.com/media/E8WgGD6X0AYpzUy.jpg'],1,https://pbs.twimg.com/media/E8WgGD6X0AYpzUy.jpg,False,2,1,0,,#dhl,,,,,,,[],,,,
1424720367457820677,1424720367457820677,1628514780000.0,2021-08-09 21:13:00,+0800,,¿Necesitas hacer envíos Nacionales o Internacionales esta semana? ¡Podemos ayudarte!  212-418-3755 / 0212-516.8281 / 0212-576.2250 / 0212-576.7249    WhatsApp 212-424-1223.  / 0212-418-3755.  #CiudadPostal #Zoom #Fedex #Dhl #correo #Encomienda  https://t.co/TfyZTI9OgM,es,"['ciudadpostal', 'zoom', 'fedex', 'dhl', 'correo', 'encomienda']",[],81452490,81452490,ciudadpostal,Ciudad Postal,1,21,https://twitter.com/ciudadpostal/status/1424720367457820677,[],['https://pbs.twimg.com/media/E7enU0RWEAAFn8i.jpg'],1,https://pbs.twimg.com/media/E7enU0RWEAAFn8i.jpg,False,1,0,0,,#dhl,,,,,,,[],,,,
1424717149118025734,1424717149118025734,1628514012000.0,2021-08-09 21:00:12,+0800,,DHL Industrial Projects have been shortlisted for the Safety Award 2021.  Stay tuned for who the winner will be.   #DHL #DHLGlobalForwarding #IndustrialProjects #Heavyliftawards #Awards #Safety  https://t.co/lz5vKaDJUl,en,"['dhl', 'dhlglobalforwarding', 'industrialprojects', 'heavyliftawards', 'awards', 'safety']",[],1320478684235632640,1320478684235632640,dhl_forwarding,DHL Global Forwarding,1,21,https://twitter.com/dhl_forwarding/status/1424717149118025734,[],['https://pbs.twimg.com/media/E8Wcsk3XsAkX94U.png'],1,https://pbs.twimg.com/media/E8Wcsk3XsAkX94U.png,False,4,0,1,,#dhl,,,,,,,[],,,,
1424709410581012484,1424709410581012484,1628512167000.0,2021-08-09 20:29:27,+0800,,Live your life to the fullest and dance like nobody's watching 💛  📷 by maithytrn  model: mijna art 🗺️📍 #Packstation  #DHL #RedandYellow  #ExcellenceSimplyDelivered #OnTheStreet  #DHLWorldwideShipping #Delivery #AroundtheWorld #BigYellowMachine #SpeedofYellow  #DHLPackstation  https://t.co/Ei0PPoLCNq,en,"['packstation', 'dhl', 'redandyellow', 'excellencesimplydelivered', 'onthestreet', 'dhlworldwideshipping', 'delivery', 'aroundtheworld', 'bigyellowmachine', 'speedofyellow', 'dhlpackstation']",[],176763018,176763018,DHL_NLexpress,DHL Express NL,1,20,https://twitter.com/DHL_NLexpress/status/1424709410581012484,[],['https://pbs.twimg.com/media/E8WVqKhXIAAxBFi.jpg'],1,https://pbs.twimg.com/media/E8WVqKhXIAAxBFi.jpg,False,0,0,0,,#dhl,,,,,,,[],,,,
1424709228648976392,1424709228648976392,1628512124000.0,2021-08-09 20:28:44,+0800,,Driving assessment completed today ✅  Out in an urban artic now 🚚 looks like it’s shrunk in the wash compared to my old unit 🧼   #HGV #Trucking #DHL #Tradeteam #Distribution #Devon #UK  https://t.co/7or94mYU91,en,"['hgv', 'trucking', 'dhl', 'tradeteam', 'distribution', 'devon', 'uk']",[],1355023507554496512,1355023507554496512,thedevontrucker,The Devon Trucker,1,20,https://twitter.com/thedevontrucker/status/1424709228648976392,[],['https://pbs.twimg.com/media/E8WVfWeXIAIof1e.jpg'],1,https://pbs.twimg.com/media/E8WVfWeXIAIof1e.jpg,False,18,2,0,,#dhl,,,,,,,[],,,,
1424707047136894979,1424707047136894979,1628511604000.0,2021-08-09 20:20:04,+0800,,DHL AVIATION - Ex UK &amp; IRE  Space available into 𝗞𝗜𝗡𝗦𝗛𝗔𝗦𝗔 (𝗙𝗜𝗛) 🇨🇩 Call now for rates &amp; schedules.  #AirFreight | #AirCargo | #DHL | #Kinshasa | #Aviation  https://t.co/F3OtbU4nFv,en,"['airfreight', 'aircargo', 'dhl', 'kinshasa', 'aviation']",[],2679062154,2679062154,HAEGroup,HAE Group,1,20,https://twitter.com/HAEGroup/status/1424707047136894979,[],['https://pbs.twimg.com/media/E8WTgeqWEAAfVJL.jpg'],1,https://pbs.twimg.com/media/E8WTgeqWEAAfVJL.jpg,False,1,0,0,,#dhl,,,,,,,[],,,,
1424704629993086985,1424704629993086985,1628511028000.0,2021-08-09 20:10:28,+0800,,#Paketzustellung per #Drohne? Das wird es bei #DHL so schnell nicht geben. Das entsprechende Projekt wurde ersatzlos eingestellt.  https://t.co/EVracBWVDJ,de,"['paketzustellung', 'drohne', 'dhl']",[],1296527956664373250,1296527956664373250,AviationDirect_,Aviation.Direct,1,20,https://twitter.com/AviationDirect_/status/1424704629993086985,['https://aviation.direct/dhl-stellt-drohnenprojekte-ersatzlos-ein'],[],0,,False,0,0,0,,#dhl,,,,,,,[],,,,
1424699839913336834,1424699839913336834,1628509886000.0,2021-08-09 19:51:26,+0800,,"Da sitzt man zu Hause und wartet auf das angekündigte #DHL Paket, aber das einzige was man bekommt ist eine Mitteilung, dass man das Paket nicht zustellen konnte, weil man den Empfänger nicht angetroffen hat. Liebe #DHL , beim Kunden klingeln soll in solchen Fällen helfen.",de,"['dhl', 'dhl']",[],49053258,49053258,OLDMANWITHGUN,Andi,1,19,https://twitter.com/OLDMANWITHGUN/status/1424699839913336834,[],[],0,,False,2,0,0,,#dhl,,,,,,,[],,,,
1424696765404622849,1424696765404622849,1628509153000.0,2021-08-09 19:39:13,+0800,,"DHL hat Entwicklungsprojekt ""Paketkopter"" eingestellt  https://t.co/vqNYWN1Hxi #Paketzustellung #DHL #DeutschePost #Paketkopter",de,"['paketzustellung', 'dhl', 'deutschepost', 'paketkopter']",[],5734902,5734902,tagesschau,tagesschau,1,19,https://twitter.com/tagesschau/status/1424696765404622849,['http://www.tagesschau.de/wirtschaft/technologie/post-dhl-paketkopter-einstellung-101.html'],[],0,,False,81,19,7,,#dhl,,,,,,,[],,,,
1424693371793195008,1424693371793195008,1628508344000.0,2021-08-09 19:25:44,+0800,,"Hallo @DHLPaket , ich hab meine Kundenkarte für das Abholen an der Packstation verloren. Gibt es eine Möglichkeit, eine neue zu bekommen?  Wohin kann ich mich wenden?   #dhl",de,['dhl'],[],1084149784808689695,1084149784808689695,SchwarzerHund40,Pippilotta Historia 🌈,1,19,https://twitter.com/SchwarzerHund40/status/1424693371793195008,[],[],0,,False,1,2,0,,#dhl,,,,,,,[],,,,
1424691494821273603,1424691494821273603,1628507896000.0,2021-08-09 19:18:16,+0800,,"Liebes Team von @DHLPaket ich erhalte wohl morgen spontan ein Paket in Packstation, kann es aber vermutlich erst Montag abholen. Passt das oder kann ich die Sendung umleiten?  Danke!  #dhl #packstation #danke",de,"['dhl', 'packstation', 'danke']",[],130479415,130479415,SirRobin78,Daniel,1,19,https://twitter.com/SirRobin78/status/1424691494821273603,[],[],0,,False,0,1,0,,#dhl,,,,,,,[],,,,
1424688618115829764,1424688618115829764,1628507210000.0,2021-08-09 19:06:50,+0800,,"Wie #dhl die Pakete jetzt an zwei verschiedene Filialen liefert, wenn ich nicht zuhause bin.  Wie ich jetzt ne Rundreise machen darf.   Das Musical 🤬",de,['dhl'],[],1084149784808689695,1084149784808689695,SchwarzerHund40,Pippilotta Historia 🌈,1,19,https://twitter.com/SchwarzerHund40/status/1424688618115829764,[],[],0,,False,3,2,1,,#dhl,,,,,,,[],,,,
1424681040786952194,1424681040786952194,1628505404000.0,2021-08-09 18:36:44,+0800,,Keep up with the clicks!  Catch our Sonali Singh in this new #DHL campaign!   https://t.co/YpdXlPnD96  #BAM #BAMActors #BAMFamily,en,"['dhl', 'bam', 'bamactors', 'bamfamily']",[],1428815438,1428815438,BAMACTORS,Brown & Mills Entertainment LTD,1,18,https://twitter.com/BAMACTORS/status/1424681040786952194,['https://buff.ly/3wtCNJS'],[],0,,False,2,0,1,,#dhl,,,,,,,[],,,,
1424676867567624207,1424676867567624207,1628504409000.0,2021-08-09 18:20:09,+0800,,"@DHLExpressIndia @dhl_india @DHLGlobal Frustrated by the continuous collection emails from DHL!! ALREADY PAID all invoices, shared payment details several times in last 4 months. Again and Again harassing by emails! Disappointed #DHLIndia #DHL",en,"['dhlindia', 'dhl']",[],897430471524495360,897430471524495360,AbbasMerchant77,Abbas Merchant,1,18,https://twitter.com/AbbasMerchant77/status/1424676867567624207,[],[],0,,False,1,1,0,,#dhl,,,,,,,[],,,,
1424674530841214978,1424674530841214978,1628503851000.0,2021-08-09 18:10:51,+0800,,Thank you #NADRA @NadraMedia  Just got my card renewed on express basis. Submitted online application   Wednesday night - and by Monday morning the new card had been delivered to to me via #DHL!  Excellent system 👏🏼👏🏼👏🏼👏🏼👏🏼 #Pakistan  Much appreciated,en,"['nadra', 'dhl', 'pakistan']",[],86297986,86297986,umberkhairi,Umber Khairi 💙 #FBPE #ProEu,1,18,https://twitter.com/umberkhairi/status/1424674530841214978,[],[],0,,False,0,1,0,,#dhl,,,,,,,[],,,,
1424671577925378053,1424671577925378053,1628503147000.0,2021-08-09 17:59:07,+0800,,Brains chinds ad relevenc stay. Covid seibatroned. #dhl,en,['dhl'],[],1404045102268530688,1404045102268530688,tabletenzB,Brandon,1,17,https://twitter.com/tabletenzB/status/1424671577925378053,[],[],0,,False,0,0,0,,#dhl,,,,,,,[],,,,
1424659227625275396,1424659227625275396,1628500203000.0,2021-08-09 17:10:03,+0800,,Gold stürzt ab! - FED unter Zugzwang Jetzt reinschauen auf #Youtube   https://t.co/jkyIbGxVXh #DAX #Gold #DHL #FED  https://t.co/I78jFYyEX5,de,"['youtube', 'dax', 'gold', 'dhl', 'fed']",[],481961607,481961607,gkfxdeutschland,GKFX Deutschland,1,17,https://twitter.com/gkfxdeutschland/status/1424659227625275396,['https://youtu.be/wrkKTEvC2Z8'],['https://pbs.twimg.com/media/E8VoBJXWQAUezbn.jpg'],1,https://pbs.twimg.com/media/E8VoBJXWQAUezbn.jpg,False,1,0,0,,#dhl,,,,,,,[],,,,
1424659186831474694,1424659186831474694,1628500193000.0,2021-08-09 17:09:53,+0800,,Are you digitally curious? Watch me get the whole #DHL European Management team on their feet when I explored their level of digital curiosity. How many of these questions would you have answered? #futurist #eventprofs #keynotespeaker #ActionableFuturist  https://t.co/vaMuHB4HDq  https://t.co/QDwHqTgf8s,en,"['dhl', 'futurist', 'eventprofs', 'keynotespeaker', 'actionablefuturist']",[],6040172,6040172,AndrewGrill,The Actionable Futurist - Andrew Grill,1,17,https://twitter.com/AndrewGrill/status/1424659186831474694,[],[],1,https://pbs.twimg.com/ext_tw_video_thumb/1424659091977347072/pu/img/msKZsqXya727PjmE.jpg,False,2,0,0,,#dhl,,,,,,,[],,,,
1424656442557177864,1424656442557177864,1628499539000.0,2021-08-09 16:58:59,+0800,,DHL Signs Up as Launch Customer for All-Electric Alice Freighter  Read more here:  https://t.co/hxguBZsOcB  #DHL #Electric #Freighter #Environment #Future @DHLexpress  https://t.co/eHoD43mShI,en,"['dhl', 'electric', 'freighter', 'environment', 'future']",[],2725826258,2725826258,LinklineJ,Linkline Journal,1,16,https://twitter.com/LinklineJ/status/1424656442557177864,['http://ow.ly/qAMC50FN5qW'],['https://pbs.twimg.com/media/E8VlJMuXoAAksFN.jpg'],1,https://pbs.twimg.com/media/E8VlJMuXoAAksFN.jpg,False,0,0,0,,#dhl,,,,,,,[],,,,
1424655202934738946,1424655202934738946,1628499243000.0,2021-08-09 16:54:03,+0800,,"#DHL stellt Entwickungsprojekt #Paketkopter für die Zustellung per #Drohnen ein, keine neuen Pilotprojekte oder Weiterentwicklungen eigener Zustelldrohnen in Planung:  https://t.co/ccU6L7LLaJ | @fanaticTRX  #dronedelivery #transportation  https://t.co/qBppRoBTNk",de,"['dhl', 'paketkopter', 'drohnen', 'dronedelivery', 'transportation']",[],291785111,291785111,CreativeConstr,CreativeConstruction,1,16,https://twitter.com/CreativeConstr/status/1424655202934738946,['https://buff.ly/3xCptmW'],['https://pbs.twimg.com/media/E8VkWxEWUAE3j2Q.jpg'],1,https://pbs.twimg.com/media/E8VkWxEWUAE3j2Q.jpg,False,0,0,0,,#dhl,,,,,,,[],,,,
1424654053066387459,1424654053066387459,1628498969000.0,2021-08-09 16:49:29,+0800,,"Hoja informativa donde informamos del acuerdo alcanzado en #DHL en la zona centro, seguimos trabajando para conseguir las mejores condiciones laborales.  https://t.co/iRyHiV3YVh",es,['dhl'],[],112463460,112463460,FETICOoficial,Confederación Sindical Independiente Fetico,1,16,https://twitter.com/FETICOoficial/status/1424654053066387459,[],['https://pbs.twimg.com/media/E8ViSMQX0AAMbtE.jpg'],1,https://pbs.twimg.com/media/E8ViSMQX0AAMbtE.jpg,False,10,0,4,,#dhl,,,,,,,[],,,,
1424652934944600065,1424652934944600065,1628498703000.0,2021-08-09 16:45:03,+0800,,Post und DHL geben Drohnen als Mittel für Paketzustellung auf #DHL #Paketkopter #Post  https://t.co/tv5x40BNti,de,"['dhl', 'paketkopter', 'post']",[],20134388,20134388,WinFuture,WinFuture.de,1,16,https://twitter.com/WinFuture/status/1424652934944600065,"['https://winfuture.de/news,124509.html?utm_source=Twitter&utm_medium=ManualTweet&utm_campaign=SocialMedia']",[],0,,False,0,0,0,,#dhl,,,,,,,[],,,,
1424652868452294662,1424632737324048392,1628498687000.0,2021-08-09 16:44:47,+0800,,"@HenkRozmus @picnic Er wordt veel naar buiten gekeken. Maar de doggies weten dat het maandag is. En dat tussen negen en half 10 PicNic komt.  Heel vreemd, want iedere dag is hier min of meer hetzelfde. #PostNL, #DHL en het foldermeisje worden wel gespot.  Oortjes omhoog….oortjes omlaag. 😂  https://t.co/wyugcsRo3T",nl,"['postnl', 'dhl']",[],217834564,217834564,ton65jacobs,Ton Jacobs,1,16,https://twitter.com/ton65jacobs/status/1424652868452294662,[],"['https://pbs.twimg.com/media/E8ViIf3WUAQVFcx.jpg', 'https://pbs.twimg.com/media/E8ViIf9XIAMciVs.jpg']",1,https://pbs.twimg.com/media/E8ViIf3WUAQVFcx.jpg,False,6,0,1,,#dhl,,,,,,,"[{'screen_name': 'HenkRozmus', 'name': 'Henk Rozmus', 'id': '202150435'}, {'screen_name': 'picnic', 'name': 'Picnic', 'id': '2902300475'}]",,,,
1424650624482922499,1424650624482922499,1628498152000.0,2021-08-09 16:35:52,+0800,,#DHL gibt Drohnenpläne auf  https://t.co/a4Rrvtp3ZH #Logistik #ECommerce #Onlinehandel,de,"['dhl', 'logistik', 'ecommerce', 'onlinehandel']",[],70636797,70636797,JTLSoftware,JTL-Software-GmbH,1,16,https://twitter.com/JTLSoftware/status/1424650624482922499,['https://www.spiegel.de/wirtschaft/ausgeflogen-dhl-gibt-drohnenplaene-auf-a-aeb5a25d-3c3e-4f8a-8825-15ba53d12826'],[],0,,False,0,0,0,,#dhl,,,,,,,[],,,,
1424647461520482307,1424647461520482307,1628497398000.0,2021-08-09 16:23:18,+0800,,I wonder why that has happened  #dronedelivery #drones #dhl   https://t.co/ihoRpYa8Qj,en,"['dronedelivery', 'drones', 'dhl']",[],3970750006,3970750006,ronnyvat,Ronny Vatelmacher,1,16,https://twitter.com/ronnyvat/status/1424647461520482307,['https://www.suasnews.com/2021/08/dhl-parcelcopter-fails-to-deliver/'],[],0,,False,0,0,0,,#dhl,,,,,,,[],,,,
1424645565917253634,1424645565917253634,1628496946000.0,2021-08-09 16:15:46,+0800,,The combination of @delhivery  - @spoton_India is not supplementary but complementary writes @libinlinto10  @vikashkhatri1  @FedEx @UPS @Safexpress @Aviral_India @EcomExpress_Ofc @XpressBees_IN  #Delhivery #SpotonLogistics #DHL  #TCI        #vikaspawar   https://t.co/RTcBV1joUr,en,"['delhivery', 'spotonlogistics', 'dhl', 'tci', 'vikaspawar']",[],2797425211,2797425211,ITLNLive,ITLN Live,1,16,https://twitter.com/ITLNLive/status/1424645565917253634,['https://www.itln.in/delhiveryspoton-combination-is-not-supplementary-but-complementary-logistics'],[],0,,False,0,0,0,,#dhl,,,,,,,[],,,,
1424644127413649410,1424644127413649410,1628496603000.0,2021-08-09 16:10:03,+0800,,"Votre site est-il optimisé pour l’international ? Tirez le meilleur parti du #ecommerce avec #DHLExpress ! Quelle que soit la taille de votre site web, #DHL dispose de la solution optimale pour simplifier la gestion de vos #commandes ! ➡️  https://t.co/wBEHZbQF66",fr,"['ecommerce', 'dhlexpress', 'dhl', 'commandes']",[],752511139964215296,752511139964215296,DHLExpressFr,DHL Express France,1,16,https://twitter.com/DHLExpressFr/status/1424644127413649410,['http://ow.ly/O5Jw50FCtE7'],[],0,,False,0,0,0,,#dhl,,,,,,,[],,,,
1424641602333540352,1424641602333540352,1628496001000.0,2021-08-09 16:00:01,+0800,,ดีเอชแอล เอ๊กซ์เพรส อวดโฉมเครื่องบินไฟฟ้าขนส่งสินค้าครั้งแรกในโลก #DHL #เครื่องบินไฟฟ้า #ฐานเศรษฐกิจ  https://t.co/Dde8ZiJQvE  https://t.co/2XpFSt7d8m  https://t.co/AKNpfNMUyj,th,"['dhl', 'เครื่องบินไฟฟ้า', 'ฐานเศรษฐกิจ']",[],64994079,64994079,Thansettakij,ฐานเศรษฐกิจ,1,16,https://twitter.com/Thansettakij/status/1424641602333540352,"['https://www.thansettakij.com/tech/491052', 'http://facebook.com/thansettakij', 'http://lin.ee/AFtZiwI']",[],0,,False,4,0,3,,#dhl,,,,,,,[],,,,
1424640339848187906,1424640339848187906,1628495700000.0,2021-08-09 15:55:00,+0800,,"Tschüss, Drohnenlogistik!   Der #DHL-Paketkopter wird eingestellt 👋 ❌   👉  https://t.co/Zzo6Biim0g  #Ecommerce #Onlinehandel #Logistik  https://t.co/D8DAREUYdB",de,"['dhl', 'ecommerce', 'onlinehandel', 'logistik']",[],2574421495,2574421495,LogistikWatch,@LogistikWatchblog,1,15,https://twitter.com/LogistikWatch/status/1424640339848187906,['http://logistik-watchblog.de/neuheiten/3119'],['https://pbs.twimg.com/media/E8VVOoBWQAUuL-I.jpg'],1,https://pbs.twimg.com/media/E8VVOoBWQAUuL-I.jpg,False,0,0,0,,#dhl,,,,,,,[],,,,
1424636257376817155,1424636257376817155,1628494726000.0,2021-08-09 15:38:46,+0800,,New post: DHL set to deliver electric dream  https://t.co/aDp1N9WGhA #DHL;_Eviation,en,['dhl'],[],250161800,250161800,FBJ_Online,FBJ,1,15,https://twitter.com/FBJ_Online/status/1424636257376817155,['https://www.fbj-online.com/dhl-set-to-deliver-electric-dream/'],[],0,,False,0,0,0,,#dhl,,,,,,,[],,,,
1424635860000120833,1424635860000120833,1628494632000.0,2021-08-09 15:37:12,+0800,,Up with the lark and awaiting #DHL to deliver some #raspberrypi goodies from the charming pirates at @pimoroni today.☕️😀  https://t.co/eEopkrtsk2,en,"['dhl', 'raspberrypi']",[],409332669,409332669,BrianLinuxing,BrianLinuxing 🇮🇪 #Freelance_IT_manager,1,15,https://twitter.com/BrianLinuxing/status/1424635860000120833,[],['https://pbs.twimg.com/tweet_video_thumb/E8VSwS9WEAQ0LRX.jpg'],1,https://pbs.twimg.com/tweet_video_thumb/E8VSwS9WEAQ0LRX.jpg,False,4,0,0,,#dhl,,,,,,,[],,,,
1424630689400557568,1424630689400557568,1628493399000.0,2021-08-09 15:16:39,+0800,,DHL Orders 12 Eviation Electric Cargo Planes. DHL says the Alice fleet will service short hop routes that are common in its operations. It will be able to carry 2600 pounds of freight and go up to 440 miles on a charge. A recharge will take 30 minutes. #aviation #dhl  https://t.co/vaRgsNfsw6,en,"['aviation', 'dhl']",[],1310305060300165120,1310305060300165120,AviaExtreme,Extreme Avia,1,15,https://twitter.com/AviaExtreme/status/1424630689400557568,[],['https://pbs.twimg.com/media/E8VOD9TWQAURJ86.jpg'],1,https://pbs.twimg.com/media/E8VOD9TWQAURJ86.jpg,False,2,0,0,,#dhl,,,,,,,[],,,,
1424626501530521607,1424626501530521607,1628492400000.0,2021-08-09 15:00:00,+0800,,"Kuka muistaa? Näihin fiiliksiin palataan taas ylihuomenna, kun Bauer Games 2021 alkaa 🙌🏒😊 Päiväkohtaiset Pay-Per-View-lähetykset myynnissä:  https://t.co/NQDkDe8sJm #BauerGames #livelätkänpaluu #Mestis #Ketterä #Liiga #SaiPa #Jukurit #KHL #Jokerit #DHL #KrefeldPinguine  https://t.co/6FV830brks",fi,"['bauergames', 'livelätkänpaluu', 'mestis', 'ketterä', 'liiga', 'saipa', 'jukurit', 'khl', 'jokerit', 'dhl', 'krefeldpinguine']",[],1200290022,1200290022,RuutuUrheilu,Ruutu Urheilu,1,15,https://twitter.com/RuutuUrheilu/status/1424626501530521607,['http://www.ruutu.fi/bauergames'],[],1,https://pbs.twimg.com/ext_tw_video_thumb/1424605517465505798/pu/img/8yrS1ZWLiUVHzr1N.jpg,False,18,1,4,,#dhl,,,,,,,[],,,,
1424623255063654404,1424623255063654404,1628491626000.0,2021-08-09 14:47:06,+0800,,The combination of @delhivery -@spoton_India  is not supplementary but complementary.  @vikashkhatri1  #Delhivery  #SpotonLogistics  #AviralConsulting  #DHL  #FedEx  #UPS  #TCI #ExpressGati  #Safexpress  #EcomExpress  #XpressBees  #supplychain #vikaspawar   https://t.co/RTcBV1joUr,en,"['delhivery', 'spotonlogistics', 'aviralconsulting', 'dhl', 'fedex', 'ups', 'tci', 'expressgati', 'safexpress', 'ecomexpress', 'xpressbees', 'supplychain', 'vikaspawar']",[],2797425211,2797425211,ITLNLive,ITLN Live,1,14,https://twitter.com/ITLNLive/status/1424623255063654404,['https://www.itln.in/delhiveryspoton-combination-is-not-supplementary-but-complementary-logistics'],[],0,,False,3,0,0,,#dhl,,,,,,,[],,,,
1424622816897290244,1424622816897290244,1628491522000.0,2021-08-09 14:45:22,+0800,,Visit:  https://t.co/nTuQHQxSL1 SEA FREIGHT TAIWAN TO AUSTRALIA #courier #dtdc #courierservice #internationalcourier #courierservices #delivery #deliveryservice #freight #logistics #shipping #couriercompany #seafreight #dhl #FedEx #aramex #aupost #dhlexpress  https://t.co/8qAeVV2NvR,en,"['courier', 'dtdc', 'courierservice', 'internationalcourier', 'courierservices', 'delivery', 'deliveryservice', 'freight', 'logistics', 'shipping', 'couriercompany', 'seafreight', 'dhl', 'fedex', 'aramex', 'aupost', 'dhlexpress']",[],1053441397,1053441397,dtdcaustralia,DTDC Australia,1,14,https://twitter.com/dtdcaustralia/status/1424622816897290244,['https://www.dtdcaustralia.com.au/'],['https://pbs.twimg.com/media/E8VG3UWUUAAj_ST.jpg'],1,https://pbs.twimg.com/media/E8VG3UWUUAAj_ST.jpg,False,0,0,0,,#dhl,,,,,,,[],,,,
1424604340644454400,1424604340644454400,1628487117000.0,2021-08-09 13:31:57,+0800,,"#DHL hat Entwicklung der #Zustelldrohne ""#Paketkopter "" eingestellt | heise online   https://t.co/NBJf30wrrh",de,"['dhl', 'zustelldrohne', 'paketkopter']",[],19071147,19071147,RA_Geissler,Jens A. Geissler,1,13,https://twitter.com/RA_Geissler/status/1424604340644454400,['https://heise.de/-6158103'],[],0,,False,0,0,0,,#dhl,,,,,,,[],,,,
1424590280158744577,1424590280158744577,1628483765000.0,2021-08-09 12:36:05,+0800,,"Montag: Weltraum-Flüge, Daten-Verkauf, DHL-Drohnen, Flug-Stop &amp; Venus-Verkehr  https://t.co/uTe6pCRSWT #BlackHat #DHL",de,"['blackhat', 'dhl']",[],3197921,3197921,heiseonline,heise online,1,12,https://twitter.com/heiseonline/status/1424590280158744577,['https://www.heise.de/news/Montag-Weltraum-Fluege-Daten-Verkauf-DHL-Drohnen-Flug-Stop-Venus-Verkehr-6158284.html'],[],0,,False,3,0,1,,#dhl,,,,,,,[],,,,
1424574573131956229,1424574573131956229,1628480020000.0,2021-08-09 11:33:40,+0800,,สัญญาว่ากุจะเลิกใช้ #DHL ส่งของในกทม ช้ากว่ากูสั่งของจากจีน อีสัส,th,['dhl'],[],48420890,48420890,Sunfern,SuNFerN,1,11,https://twitter.com/Sunfern/status/1424574573131956229,[],[],0,,False,0,1,0,,#dhl,,,,,,,[],,,,
1424573972008509442,1423991845361569792,1628479876000.0,2021-08-09 11:31:16,+0800,,@tatabeauty_m ช้าจริงค่ะ สัญญาว่าจะเลิกใช้บริการร้านที่ส่ง #dhl,th,['dhl'],[],48420890,48420890,Sunfern,SuNFerN,1,11,https://twitter.com/Sunfern/status/1424573972008509442,[],[],0,,False,0,0,0,,#dhl,,,,,,,"[{'screen_name': 'tatabeauty_m', 'name': 'M-a-t-a-M-a-r-s', 'id': '803564425386991616'}]",,,,
1424572233029099521,1424572233029099521,1628479462000.0,2021-08-09 11:24:22,+0800,,7 อยู่ดุสิต ใกล้บ้านกุมาก 8 อยู่สมุทรปราการ ไกลออกไปอีก 9 เดี๋ยวมันคงมาบางแค (กุคิดเอง) 10 ถึงภาษีเจริญ 11 ถึงบางด้วน  12 กุคงได้รับ อิสัส กูสั่งของจากจีน 7 วันถึงไทย  นี่ #DHL ส้นตีน 4 วันป่าตไป ยังวนหาพ่อมันอยู่  https://t.co/m4WM9LD6os,th,['dhl'],[],48420890,48420890,Sunfern,SuNFerN,1,11,https://twitter.com/Sunfern/status/1424572233029099521,[],['https://pbs.twimg.com/media/E8UY5HsUcAEW2ge.jpg'],1,https://pbs.twimg.com/media/E8UY5HsUcAEW2ge.jpg,False,0,0,0,,#dhl,,,,,,,[],,,,
1424540905428721664,1424540905428721664,1628471993000.0,2021-08-09 09:19:53,+0800,,🐸..devi organizzare una consegna super veloce? Da #Cagliari #Sardegna la tua spedizione in oltre 1.000 città nel mondo entro le 10 del giorno dopo!.📦 #Dhl #Fedex #Tnt #Ups  https://t.co/dl4nRKQwfL  https://t.co/KRuTLIWF6g,it,"['cagliari', 'sardegna', 'dhl', 'fedex', 'tnt', 'ups']",[],1139422028,1139422028,100xcentoBio,100% Biodegradabile®,1,09,https://twitter.com/100xcentoBio/status/1424540905428721664,['http://www.puntoritiro.it'],['https://pbs.twimg.com/media/E8T8Zr4XEAEsv4v.jpg'],1,https://pbs.twimg.com/media/E8T8Zr4XEAEsv4v.jpg,False,1,0,0,,#dhl,,,,,,,[],,,,
1424540489982771205,1424540489982771205,1628471894000.0,2021-08-09 09:18:14,+0800,,The Spirit Of Cricket India - A Book By Steve Waugh Secure your 20% special offer today. Visit:  https://t.co/32C74dEBOp #SteveWaugh #Cricket #dhl #FedEx #aramex #aupost #dhlexpress  https://t.co/dufmjNdmDZ,en,"['stevewaugh', 'cricket', 'dhl', 'fedex', 'aramex', 'aupost', 'dhlexpress']",[],1053441397,1053441397,dtdcaustralia,DTDC Australia,1,09,https://twitter.com/dtdcaustralia/status/1424540489982771205,['https://www.dtdcaustralia.com.au/the-spirit-of-cricket/'],[],1,https://pbs.twimg.com/ext_tw_video_thumb/1424540092882845701/pu/img/4USN3C8RLn1K_Ch3.jpg,False,0,0,0,,#dhl,,,,,,,[],,,,
1424521777833709571,1424521777833709571,1628467432000.0,2021-08-09 08:03:52,+0800,,#DHL Express Adds Electric Planes to Its Fleet for 'Sustainable Aviation Future'. (Interesting Engineering) #Transportation #FutureOfTransportation #EV   https://t.co/29gffK79GS  https://t.co/2n74gGtA5D,en,"['dhl', 'transportation', 'futureoftransportation', 'ev']",[],15221598,15221598,jamesvgingerich,"James Gingerich, @Expeflow #WorkEasier #RPA",1,08,https://twitter.com/jamesvgingerich/status/1424521777833709571,['https://buff.ly/3jExiDC'],['https://pbs.twimg.com/media/E8TrAaUXEAIwtzn.jpg'],1,https://pbs.twimg.com/media/E8TrAaUXEAIwtzn.jpg,False,3,0,1,,#dhl,,,,,,,[],,,,
